<?xml version="1.0"?>
<!--<!DOCTYPE metadata SYSTEM "http://www.esri.com/metadata/esriprof80.dtd">-->
<metadata xml:lang="en"><Esri><CreaDate>20130107</CreaDate><CreaTime>12124200</CreaTime><SyncOnce>TRUE</SyncOnce><ArcGISFormat>1.0</ArcGISFormat><DataProperties><lineage><Process ToolSource="c:\esri\arcgis\desktop10.0\ArcToolbox\Toolboxes\Data Management Tools.tbx\Append" Date="20130107" Time="121412">Append Dabney_plantings_11 Dabney_plantings_10 NO_TEST "FIELD1 "FIELD1" true false false 50 Text 0 0 ,First,#;FIELD2 "FIELD2" true false false 50 Text 0 0 ,First,#;FIELD3 "FIELD3" true false false 19 Double 0 19 ,First,#;Parallel "Parallel" true false false 6 Long 0 6 ,First,#;Perpendicu "Perpendicu" true false false 6 Long 0 6 ,First,#;Notes "Notes" true false false 50 Text 0 0 ,First,#,K:\Stewardship\Sandy2\Projects\1_SBVRC\Angelos_Dabney\Dabney_plantings_11.shp,Notes,-1,-1;Perimeter "Perimeter" true false false 19 Double 0 0 ,First,#,K:\Stewardship\Sandy2\Projects\1_SBVRC\Angelos_Dabney\Dabney_plantings_11.shp,Perimeter,-1,-1;Acres "Acres" true false false 19 Double 0 0 ,First,#,K:\Stewardship\Sandy2\Projects\1_SBVRC\Angelos_Dabney\Dabney_plantings_11.shp,Acres,-1,-1;Hectares "Hectares" true false false 19 Double 0 0 ,First,#,K:\Stewardship\Sandy2\Projects\1_SBVRC\Angelos_Dabney\Dabney_plantings_11.shp,Hectares,-1,-1;Area_ID "Area_ID" true false false 50 Text 0 0 ,First,#,K:\Stewardship\Sandy2\Projects\1_SBVRC\Angelos_Dabney\Dabney_plantings_11.shp,Area_ID,-1,-1;Year_Plant "Year_Plant" true false false 4 Text 0 0 ,First,#,K:\Stewardship\Sandy2\Projects\1_SBVRC\Angelos_Dabney\Dabney_plantings_11.shp,Year_Plant,-1,-1;P_site_num "P_site_num" true false false 2 Text 0 0 ,First,#,K:\Stewardship\Sandy2\Projects\1_SBVRC\Angelos_Dabney\Dabney_plantings_11.shp,P_site_num,-1,-1" #</Process></lineage></DataProperties></Esri><idinfo><citation><citeinfo><onlink Sync="TRUE">\\orfo.tnc\GIS\Stewardship\Sandy2\Projects\1_SBVRC\Planting\Sandy_Planting_Areas_2009-10</onlink></citeinfo></citation></idinfo><distInfo><distributor><distorTran><onLineSrc><linkage Sync="TRUE">file://\\orfo.tnc\GIS\Stewardship\Sandy2\Projects\1_SBVRC\Planting\Sandy_Planting_Areas_2009-10</linkage><protocol Sync="TRUE">Local Area Network</protocol></onLineSrc></distorTran></distributor></distInfo><dataqual><lineage><procstep><procdesc Sync="TRUE">Dataset moved.</procdesc><srcused Sync="TRUE">K:\Stewardship\Sandy2\Projects\1_SBVRC\1_Priority_Site_Maps\Replanting Monitoring</srcused><procdate Sync="TRUE">20101018</procdate><proctime Sync="TRUE">11583700</proctime></procstep><procstep><procdesc Sync="TRUE">Dataset moved.</procdesc><srcused Sync="TRUE">K:\Stewardship\Sandy2\Projects\1_SBVRC\Monitoring\Sandy_Planting_Areas_2009-10</srcused><procdate Sync="TRUE">20101101</procdate><proctime Sync="TRUE">09522000</proctime></procstep></lineage></dataqual></metadata>
