<?xml version="1.0" encoding="ISO-8859-1"?>
<!DOCTYPE metadata SYSTEM "http://www.fgdc.gov/metadata/fgdc-std-001-1998.dtd">
<metadata>
	<idinfo>
		<citation>
			<citeinfo>
				<origin>The Nature Conservancy</origin>
				<pubdate>Unpublished Material</pubdate>
				<pubtime>Unknown</pubtime>
				<title Sync="TRUE">SBVRC_priority_sites_20090219</title>
				<geoform Sync="TRUE">vector digital data</geoform>
				<othercit>Copyright � 2008 The Nature Conservancy.  All rights reserved.</othercit>
				<onlink>\\or-nas02\GIS\Ecoregions\Cascades\Related_projects\Map_Requests\315_9_SandyWetlands\SWIP_Priority_Sites_2008.shp</onlink>
				<ftname Sync="TRUE">SBVRC_priority_sites_20090219</ftname></citeinfo>
		</citation>
		<descript>
			<abstract>These data consist of priority sites for protection and restoration of native vegetation communities in the Sandy River Basin of northwestern Oregon, through 2/5/09, as determined by the SBVRC (Sandy Basin Vegetation Restoration Coalition).</abstract>
			<purpose>These priority sites were identified to help guide vegetation restoration work - including the prevention and/or reduction of invasive plant species - in the Sandy River Basin.</purpose>
			<langdata Sync="TRUE">en</langdata></descript>
		<timeperd>
			<timeinfo>
				<sngdate>
					<caldate>2008</caldate>
				</sngdate>
			</timeinfo>
			<current>ground condition</current>
		</timeperd>
		<status>
			<progress>In work</progress>
			<update>Unknown</update>
		</status>
		<spdom>
			<bounding>
				<westbc Sync="TRUE">-122.405158</westbc>
				<eastbc Sync="TRUE">-121.784482</eastbc>
				<northbc Sync="TRUE">45.566630</northbc>
				<southbc Sync="TRUE">45.296650</southbc>
			</bounding>
			<lboundng><leftbc Sync="TRUE">546636.136114</leftbc><rightbc Sync="TRUE">594860.555722</rightbc><bottombc Sync="TRUE">5016617.201569</bottombc><topbc Sync="TRUE">5046072.680017</topbc></lboundng></spdom>
		<keywords>
			<theme>
				<themekt>ISO 19115 Topic Category</themekt>
				<themekey>Environment</themekey>
				<themekey>Inland Waters</themekey>
			</theme>
			<place>
				<placekt>None</placekt>
				<placekey>Sandy River Gorge, Multnomah and Clackamas Counties, Northwest Oregon</placekey>
			</place>
			<stratum>
				<stratkt>None</stratkt>
				<stratkey>Terrestrial</stratkey>
			</stratum>
			<temporal>
				<tempkt>None</tempkt>
				<tempkey>2008</tempkey>
			</temporal>
		</keywords>
		<accconst>The Nature Conservancy reserves all rights in data provided. All data are provided as is. This is not a survey quality dataset. The Nature Conservancy makes no warranty as to the currency, completeness, accuracy or utility of any specific data.  This disclaimer applies both to individual use of the data and aggregate use with other data. It is strongly recommended that careful attention be paid to the contents of the metadata file associated with these data.</accconst>
		<useconst>The Nature Conservancy shall not be held liable for improper or incorrect use of the data described and/or contained herein. Any sale, distribution, loan, or offering for use of these digital data, in whole or in part, is prohibited without the approval of the Nature Conservancy. The use of these data to produce other GIS products and services with the intent to sell for a profit is prohibited without the written consent of the Nature Conservancy. All parties receiving these data must be informed of these restrictions. The Nature Conservancy shall be acknowledged as data contributors to any reports or other products derived from these data.</useconst>
		<ptcontac>
			<cntinfo>
				<cntorgp>
					<cntorg>The Nature Conservancy</cntorg>
					<cntper>Jason Dumont</cntper>
				</cntorgp>
				<cntpos>Portland Area Preserves Manager</cntpos>
				<cntaddr>
					<addrtype>mailing and physical address</addrtype>
					<address>821 SE 14th Ave</address>
					<city>Portland</city>
					<state>Oregon</state>
					<postal>97214</postal>
					<country>USA</country>
				</cntaddr>
				<cntvoice>503-802-8151</cntvoice>
				<cntemail>jdumont@tnc.org</cntemail>
				<hours>9 - 5 M-F</hours>
				<cntinst>E-mail is preferable</cntinst>
			</cntinfo>
		</ptcontac>
		<datacred>The Nature Conservancy of Oregon, Southwest Oregon Field Office</datacred>
		<secinfo>
			<secclass>Unclassified</secclass>
		</secinfo>
		<native Sync="TRUE">Microsoft Windows XP Version 5.1 (Build 2600) Service Pack 3; ESRI ArcCatalog 9.3.1.4000</native>
		<natvform Sync="TRUE">Shapefile</natvform></idinfo>
	<dataqual>
		<attracc>
		</attracc>
		<logic>No tests performed.</logic>
		<posacc>
			<horizpa>
				<horizpar>Geometry was not based on GPS data.</horizpar>
			</horizpa>
		</posacc>
		<lineage>
			<srcinfo>
				<srctime>
					<timeinfo>
						<mdattim>
							<sngdate>
							</sngdate>
							<sngdate>
								<caldate>1957</caldate>
							</sngdate>
						</mdattim>
					</timeinfo>
				</srctime>
			</srcinfo>
			<procstep>
				<procdesc>Priority site boundaries were determined through consensus among the [working group for native vegetation restoration] in the the Sandy River Gorge.  Inclusion of wetlands and prominent side channels along the Sandy River was an important factor guiding this process.  Boundary delineation was based upon a combination of reference to HUC boundaries, 2008 taxlots as published by Metro, buffers of National Hydrography Dataset stream data, and  interpretation of features on 2006 images from the National Agricultural Imagery Program.</procdesc>
				<procdate>12/12/2008</procdate>
				<proccont>
					<cntinfo>
						<cntperp>
							<cntper>Jason Dumont</cntper>
							<cntorg>The Nature Cosnervancy of Oregon</cntorg>
						</cntperp>
						<cntpos>Portland Area Preserves Manager</cntpos>
						<cntvoice>503-802-8151</cntvoice>
						<cntemail>jdumont@tnc.org</cntemail>
						<hours>9 - 5; M - F</hours>
						<cntinst>E-mail contact preferrable.</cntinst>
					</cntinfo>
				</proccont>
			</procstep>
			<procstep>
				<procdesc>Original shapefile created in NAD 1927 UTM Zone 10N was re-projected to NAD 1983 UTM Zone 10 N.</procdesc>
				<procdate>12/12/2008</procdate>
			</procstep>
			<procstep>
				<procdesc>Acres and hectares calculated for each polygon using X-Tools Pro extension in ArcMap.</procdesc>
				<procdate>12/12/2008</procdate>
			</procstep>
			<procstep>
				<procdesc>A prior version of this dataset included overlapping priority sites.  Editing was conducted to ensure that each priority site was spatially exclusive of all others; sites defined by stream buffers took precedent over those defined by other criteria, and sites along higher order streams took precedent over those along lower order streams.</procdesc>
				<procdate>01/27/2009</procdate>
				<proccont>
					<cntinfo>
						<cntperp>
							<cntper>Aaron Jones</cntper>
							<cntorg>The Nature Conservancy of Oregon</cntorg>
						</cntperp>
						<cntpos>GIS Analyst</cntpos>
						<cntvoice>503-802-8166</cntvoice>
						<cntemail>ajones@tnc.org</cntemail>
						<hours>9-5, M-F</hours>
						<cntinst>E-mail contact preferable.</cntinst>
					</cntinfo>
				</proccont>
			</procstep>
			<procstep><procdesc Sync="TRUE">Dataset copied.</procdesc><srcused Sync="TRUE"></srcused><procdate Sync="TRUE">20090219</procdate><proctime Sync="TRUE">12211600</proctime></procstep><procstep><procdesc Sync="TRUE">Dataset moved.</procdesc><srcused Sync="TRUE">K:\Stewardship\Camassia\SBVRC_priority_sites_20090219</srcused><procdate Sync="TRUE">20090219</procdate><proctime Sync="TRUE">12233000</proctime></procstep></lineage>
	</dataqual>
	<spdoinfo>
		<direct Sync="TRUE">Vector</direct>
		<ptvctinf><esriterm Name="SBVRC_priority_sites_20090219"><efeatyp Sync="TRUE">Simple</efeatyp><efeageom Sync="TRUE">4</efeageom><esritopo Sync="TRUE">FALSE</esritopo><efeacnt Sync="TRUE">64</efeacnt><spindex Sync="TRUE">TRUE</spindex><linrefer Sync="TRUE">FALSE</linrefer></esriterm></ptvctinf></spdoinfo>
	<spref>
		<horizsys>
			<planar>
				<planci>
					<plance Sync="TRUE">coordinate pair</plance>
					<coordrep>
						<absres Sync="TRUE">0.000000</absres>
						<ordres Sync="TRUE">0.000000</ordres>
					</coordrep>
					<plandu Sync="TRUE">meters</plandu>
				</planci>
			</planar>
			<geodetic>
				<horizdn Sync="TRUE">North American Datum of 1983</horizdn>
				<ellips Sync="TRUE">Geodetic Reference System 80</ellips>
				<semiaxis Sync="TRUE">6378137.000000</semiaxis>
				<denflat Sync="TRUE">298.257222</denflat>
			</geodetic>
			<cordsysn><geogcsn Sync="TRUE">GCS_North_American_1983</geogcsn><projcsn Sync="TRUE">NAD_1983_UTM_Zone_10N</projcsn></cordsysn></horizsys>
	</spref>
	<eainfo>
		<detailed Name="SBVRC_priority_sites_20090219">
			<enttyp>
				<enttypl Sync="TRUE">SBVRC_priority_sites_20090219</enttypl>
				<enttypds>The Nature Conservancy</enttypds>
				<enttypt Sync="TRUE">Feature Class</enttypt><enttypc Sync="TRUE">64</enttypc></enttyp>
			<attr>
				<attrlabl>FID</attrlabl>
				<attrdef>Internal feature number.</attrdef>
				<attrdefs>ESRI</attrdefs>
				<attrdomv>
					<udom>Sequential unique whole numbers that are automatically generated.</udom>
				</attrdomv>
				<attalias Sync="TRUE">FID</attalias><attrtype Sync="TRUE">OID</attrtype><attwidth Sync="TRUE">4</attwidth><atprecis Sync="TRUE">0</atprecis><attscale Sync="TRUE">0</attscale></attr>
			<attr>
				<attrlabl>Shape</attrlabl>
				<attrdef>Feature geometry.</attrdef>
				<attrdefs>ESRI</attrdefs>
				<attrdomv>
					<udom>Coordinates defining the features.</udom>
				</attrdomv>
				<attalias Sync="TRUE">Shape</attalias><attrtype Sync="TRUE">Geometry</attrtype><attwidth Sync="TRUE">0</attwidth><atprecis Sync="TRUE">0</atprecis><attscale Sync="TRUE">0</attscale></attr>
			<attr>
				<attrlabl>Acres</attrlabl>
				<attrdef>Acres (ac) as calculated from layer geometry.</attrdef>
				<attrdefs>The Nature Conservancy</attrdefs>
				<attrdomv>
					<udom>Calculated areas for the features (positive real numbers).</udom>
				</attrdomv>
				<attalias Sync="TRUE">ACRES</attalias><attrtype Sync="TRUE">SmallInteger</attrtype><attwidth Sync="TRUE">4</attwidth><atprecis Sync="TRUE">4</atprecis><attscale Sync="TRUE">0</attscale></attr>
			<attr>
				<attrlabl>Hectares</attrlabl>
				<attrdef>Hectares (ha) as calculated from layer geometry.</attrdef>
				<attrdefs>The Nature Conservancy</attrdefs>
				<attrdomv>
					<udom>Calculated areas for the features (positive real numbers).</udom>
				</attrdomv>
				<attalias Sync="TRUE">Hectares</attalias><attrtype Sync="TRUE">SmallInteger</attrtype><attwidth Sync="TRUE">4</attwidth><atprecis Sync="TRUE">4</atprecis><attscale Sync="TRUE">0</attscale></attr>
			<attr>
				<attrlabl>Site_name</attrlabl>
				<attrdef>Priority Site name</attrdef>
				<attalias Sync="TRUE">Site_name</attalias><attrtype Sync="TRUE">String</attrtype><attwidth Sync="TRUE">50</attwidth><atprecis Sync="TRUE">0</atprecis><attscale Sync="TRUE">0</attscale></attr>
			<attr><attrlabl Sync="TRUE">Site_ID</attrlabl><attalias Sync="TRUE">Site_ID</attalias><attrtype Sync="TRUE">SmallInteger</attrtype><attwidth Sync="TRUE">4</attwidth><atprecis Sync="TRUE">4</atprecis><attscale Sync="TRUE">0</attscale></attr><attr><attrlabl Sync="TRUE">Site_Label</attrlabl><attalias Sync="TRUE">Site_Label</attalias><attrtype Sync="TRUE">SmallInteger</attrtype><attwidth Sync="TRUE">4</attwidth><atprecis Sync="TRUE">4</atprecis><attscale Sync="TRUE">0</attscale></attr></detailed>
		<overview>
			<eadetcit>The Nature Conservancy</eadetcit>
		</overview>
	</eainfo>
	<distinfo>
		<distrib>
			<cntinfo>
				<cntorgp>
					<cntorg>The Nature Conservancy</cntorg>
				</cntorgp>
			</cntinfo>
		</distrib>
		<resdesc>Priority areas for native vegetation protection/restoration and invasive plant mitigation efforts in the Sandy River Basin.</resdesc>
		<distliab>The Nature Conservancy makes no warranty, expressed or implied, as to the use or appropriateness of use of the data, nor are there warranties of merchantability or fitness for a particular purpose or use. No representation is made as to the currency, accuracy or completeness of the data set or of the data sources on which it is based. The Nature Conservancy shall not be liable for any lost profits or consequential damages, or claims against the user by third parties.</distliab>
		<stdorder>
			<digform>
				<digtinfo>
					<transize>37.317</transize>
					<dssize Sync="TRUE">0.208</dssize></digtinfo>
			</digform>
		</stdorder>
		<techpreq>ESRI ArcMap 9.x</techpreq>
		<availabl>
			<timeinfo>
				<sngdate>
					<caldate>2008</caldate>
				</sngdate>
			</timeinfo>
		</availabl>
	</distinfo>
	<metainfo>
		<metd Sync="TRUE">20110613</metd>
		<metc>
			<cntinfo>
				<cntorgp>
					<cntorg>The Nature Conservancy</cntorg>
					<cntper>Jason Dumont</cntper>
				</cntorgp>
				<cntpos>Portland Area Preserves Manager</cntpos>
				<cntaddr>
					<addrtype>mailing and physical address</addrtype>
					<address>33 North Central Avenue, Suite 405</address>
					<city>Medford</city>
					<state>Oregon</state>
					<postal>97501</postal>
					<country>USA</country>
				</cntaddr>
				<cntvoice>503-802-8151</cntvoice>
				<cntemail>jdumont@tnc.org</cntemail>
				<hours>9-5; M-F</hours>
				<cntinst>E-mail contact preferable</cntinst>
			</cntinfo>
		</metc>
		<metstdn Sync="TRUE">FGDC Content Standards for Digital Geospatial Metadata</metstdn>
		<metstdv Sync="TRUE">FGDC-STD-001-1998</metstdv>
		<mettc Sync="TRUE">local time</mettc>
		<metac>None</metac>
		<metextns>
			<metprof>TNC Metadata Profile (pending)</metprof>
		</metextns>
		<metextns>
			<onlink>http://www.esri.com/metadata/esriprof80.html</onlink>
			<metprof>ESRI Metadata Profile</metprof>
		</metextns>
		<metextns>
			<onlink>http://www.esri.com/metadata/esriprof80.html</onlink>
			<metprof>ESRI Metadata Profile</metprof>
		</metextns>
		<metextns>
			<onlink>http://www.esri.com/metadata/esriprof80.html</onlink>
			<metprof>ESRI Metadata Profile</metprof>
		</metextns>
		<langmeta Sync="TRUE">en</langmeta></metainfo>
	<Esri><ModDate>20110613</ModDate><ModTime>14172400</ModTime><CreaDate>20130107</CreaDate><CreaTime>11535600</CreaTime><SyncOnce>FALSE</SyncOnce><SyncDate>20110613</SyncDate><SyncTime>14172400</SyncTime><DataProperties><itemProps><itemName Sync="TRUE">SBVRC_priority_sites_20090219</itemName><imsContentType Sync="TRUE">002</imsContentType><nativeExtBox><westBL Sync="TRUE">546636.136114</westBL><eastBL Sync="TRUE">594860.555722</eastBL><southBL Sync="TRUE">5016617.201569</southBL><northBL Sync="TRUE">5046072.680017</northBL><exTypeCode Sync="TRUE">1</exTypeCode></nativeExtBox><itemSize Sync="TRUE">0.208</itemSize><itemLocation><linkage Sync="TRUE">file://\\orfo.tnc\GIS\Stewardship\Sandy2\Projects\1_SBVRC\SBVRC_priority_sites_20090219.shp</linkage><protocol Sync="TRUE">Local Area Network</protocol></itemLocation></itemProps><coordRef><type Sync="TRUE">Projected</type><geogcsn Sync="TRUE">GCS_North_American_1983</geogcsn><projcsn Sync="TRUE">NAD_1983_UTM_Zone_10N</projcsn><peXml Sync="TRUE">&lt;ProjectedCoordinateSystem xsi:type='typens:ProjectedCoordinateSystem' xmlns:xsi='http://www.w3.org/2001/XMLSchema-instance' xmlns:xs='http://www.w3.org/2001/XMLSchema' xmlns:typens='http://www.esri.com/schemas/ArcGIS/10.0'&gt;&lt;WKT&gt;PROJCS[&amp;quot;NAD_1983_UTM_Zone_10N&amp;quot;,GEOGCS[&amp;quot;GCS_North_American_1983&amp;quot;,DATUM[&amp;quot;D_North_American_1983&amp;quot;,SPHEROID[&amp;quot;GRS_1980&amp;quot;,6378137.0,298.257222101]],PRIMEM[&amp;quot;Greenwich&amp;quot;,0.0],UNIT[&amp;quot;Degree&amp;quot;,0.0174532925199433]],PROJECTION[&amp;quot;Transverse_Mercator&amp;quot;],PARAMETER[&amp;quot;False_Easting&amp;quot;,500000.0],PARAMETER[&amp;quot;False_Northing&amp;quot;,0.0],PARAMETER[&amp;quot;Central_Meridian&amp;quot;,-123.0],PARAMETER[&amp;quot;Scale_Factor&amp;quot;,0.9996],PARAMETER[&amp;quot;Latitude_Of_Origin&amp;quot;,0.0],UNIT[&amp;quot;Meter&amp;quot;,1.0],AUTHORITY[&amp;quot;EPSG&amp;quot;,26910]]&lt;/WKT&gt;&lt;XOrigin&gt;-5120900&lt;/XOrigin&gt;&lt;YOrigin&gt;-9998100&lt;/YOrigin&gt;&lt;XYScale&gt;450445547.3910538&lt;/XYScale&gt;&lt;ZOrigin&gt;-100000&lt;/ZOrigin&gt;&lt;ZScale&gt;10000&lt;/ZScale&gt;&lt;MOrigin&gt;-100000&lt;/MOrigin&gt;&lt;MScale&gt;10000&lt;/MScale&gt;&lt;XYTolerance&gt;0.001&lt;/XYTolerance&gt;&lt;ZTolerance&gt;0.001&lt;/ZTolerance&gt;&lt;MTolerance&gt;0.001&lt;/MTolerance&gt;&lt;HighPrecision&gt;true&lt;/HighPrecision&gt;&lt;WKID&gt;26910&lt;/WKID&gt;&lt;/ProjectedCoordinateSystem&gt;</peXml></coordRef></DataProperties><ArcGISFormat>1.0</ArcGISFormat></Esri><mdDateSt Sync="TRUE">20110613</mdDateSt><dataIdInfo><envirDesc Sync="TRUE">Microsoft Windows XP Version 5.1 (Build 2600) Service Pack 3; ESRI ArcGIS 10.0.2.3200</envirDesc><dataLang><languageCode Sync="TRUE" value="en" country="US"></languageCode></dataLang><idCitation><resTitle Sync="TRUE">SBVRC_priority_sites_20090219</resTitle><presForm><PresFormCd Sync="TRUE" value="005"></PresFormCd></presForm></idCitation><spatRpType><SpatRepTypCd Sync="TRUE" value="001"></SpatRepTypCd></spatRpType><dataExt><geoEle><GeoBndBox esriExtentType="search"><westBL Sync="TRUE">-122.405158</westBL><eastBL Sync="TRUE">-121.784482</eastBL><northBL Sync="TRUE">45.566630</northBL><southBL Sync="TRUE">45.296650</southBL><exTypeCode Sync="TRUE">1</exTypeCode></GeoBndBox></geoEle></dataExt><geoBox esriExtentType="decdegrees"><westBL Sync="TRUE">-122.405158</westBL><eastBL Sync="TRUE">-121.784482</eastBL><northBL Sync="TRUE">45.56663</northBL><southBL Sync="TRUE">45.29665</southBL><exTypeCode Sync="TRUE">1</exTypeCode></geoBox><descKeys><thesaName uuidref="723f6998-058e-11dc-8314-0800200c9a66"></thesaName><keyword Sync="TRUE">002</keyword></descKeys></dataIdInfo><mdLang><languageCode Sync="TRUE" value="en"></languageCode></mdLang><mdStanName Sync="TRUE">ISO 19115 Geographic Information - Metadata</mdStanName><mdStanVer Sync="TRUE">DIS_ESRI1.0</mdStanVer><mdChar><CharSetCd Sync="TRUE" value="006"></CharSetCd></mdChar><mdHrLv><ScopeCd Sync="TRUE" value="005"></ScopeCd></mdHrLv><mdHrLvName Sync="TRUE">dataset</mdHrLvName><distInfo><distributor><distorTran><onLineSrc><orDesc Sync="TRUE">002</orDesc><linkage Sync="TRUE">file://\\orfo-tnc\GIS\Stewardship\Sandy2\Projects\1_SBVRC\SBVRC_priority_sites_20090219.shp</linkage><protocol Sync="TRUE">Local Area Network</protocol></onLineSrc><transSize Sync="TRUE">0.208</transSize></distorTran><distorFormat><formatName Sync="TRUE">Shapefile</formatName></distorFormat></distributor><distFormat><formatName Sync="TRUE">Shapefile</formatName></distFormat><distTranOps><transSize Sync="TRUE">0.208</transSize></distTranOps></distInfo><refSysInfo><RefSystem><refSysID><identCode Sync="TRUE" code="26910">NAD_1983_UTM_Zone_10N</identCode><idCodeSpace Sync="TRUE">EPSG</idCodeSpace><idVersion Sync="TRUE">7.4.1</idVersion></refSysID></RefSystem></refSysInfo><spatRepInfo><VectSpatRep><topLvl><TopoLevCd Sync="TRUE" value="001"></TopoLevCd></topLvl><geometObjs Name="SBVRC_priority_sites_20090219"><geoObjTyp><GeoObjTypCd Sync="TRUE" value="002"></GeoObjTypCd><geoObjCnt Sync="TRUE">64</geoObjCnt></geoObjTyp><geoObjCnt Sync="TRUE">64</geoObjCnt></geometObjs></VectSpatRep></spatRepInfo></metadata>
