<?xml version="1.0" encoding="UTF-8"?>
<metadata xml:lang="en"><Esri><CreaDate>20120719</CreaDate><CreaTime>08415200</CreaTime><ArcGISFormat>1.0</ArcGISFormat><SyncOnce>TRUE</SyncOnce><DataProperties><itemProps><itemLocation><linkage Sync="TRUE">file://\\WEEDMAIN\F$\Gis\USB Backup\My Documents\GIS shapefiles\Weed shapefiles\Garlic Mustard\GM and YF 2012\copies\Grannings Control 2012</linkage><protocol Sync="TRUE">Local Area Network</protocol></itemLocation></itemProps><copyHistory><copy source="F:\Gis\USB Backup\My Documents\GIS shapefiles\Weed shapefiles\Garlic Mustard\Grannings Control 2012" dest="\\WEEDMAIN\F$\Gis\USB Backup\My Documents\GIS shapefiles\Weed shapefiles\Garlic Mustard\GM and YF 2012\copies\Grannings Control 2012" date="20120719" time="08415200"></copy></copyHistory></DataProperties></Esri></metadata>
