<?xml version="1.0" encoding="UTF-8"?>
<metadata xml:lang="en"><Esri><CreaDate>20110822</CreaDate><CreaTime>09590700</CreaTime><ArcGISFormat>1.0</ArcGISFormat><ArcGISstyle>North American Profile of ISO19115 2003</ArcGISstyle><SyncOnce>TRUE</SyncOnce><DataProperties><itemProps><itemLocation><linkage Sync="TRUE">file://\\OR-Eug-RNAS\GIS\Stewardship\Coburg_R_P\Grants\OWEB2011\Project_Areas-12-29-09</linkage><protocol Sync="TRUE">Local Area Network</protocol></itemLocation></itemProps><copyHistory><copy source="K:\Stewardship\Coburg_R_P\GPS\Pre-bid_4-20-10_jj1\Project_Areas-12-29-09" dest="\\OR-Eug-RNAS\GIS\Stewardship\Coburg_R_P\Grants\OWEB2011\Project_Areas-12-29-09" date="20110822" time="09590700"></copy></copyHistory></DataProperties></Esri></metadata>
