<?xml version="1.0" encoding="UTF-8"?>
<metadata xml:lang="en"><Esri><CreaDate>20121108</CreaDate><CreaTime>13535700</CreaTime><ArcGISFormat>1.0</ArcGISFormat><SyncOnce>FALSE</SyncOnce><DataProperties><itemProps><itemName Sync="TRUE">CALA20</itemName><imsContentType Sync="TRUE">002</imsContentType><itemLocation><linkage Sync="TRUE">file://\\NRD-GIS4\X$\PLANT\WEED\WEEDMAPPER\Final_Weed_Layer.gdb</linkage><protocol Sync="TRUE">Local Area Network</protocol></itemLocation></itemProps><coordRef><type Sync="TRUE">Projected</type><geogcsn Sync="TRUE">GCS_North_American_1983</geogcsn><projcsn Sync="TRUE">NAD_1983_Oregon_Statewide_Lambert_Feet_Intl</projcsn><peXml Sync="TRUE">&lt;ProjectedCoordinateSystem xsi:type='typens:ProjectedCoordinateSystem' xmlns:xsi='http://www.w3.org/2001/XMLSchema-instance' xmlns:xs='http://www.w3.org/2001/XMLSchema' xmlns:typens='http://www.esri.com/schemas/ArcGIS/10.0'&gt;&lt;WKT&gt;PROJCS[&amp;quot;NAD_1983_Oregon_Statewide_Lambert_Feet_Intl&amp;quot;,GEOGCS[&amp;quot;GCS_North_American_1983&amp;quot;,DATUM[&amp;quot;D_North_American_1983&amp;quot;,SPHEROID[&amp;quot;GRS_1980&amp;quot;,6378137.0,298.257222101]],PRIMEM[&amp;quot;Greenwich&amp;quot;,0.0],UNIT[&amp;quot;Degree&amp;quot;,0.0174532925199433]],PROJECTION[&amp;quot;Lambert_Conformal_Conic&amp;quot;],PARAMETER[&amp;quot;False_Easting&amp;quot;,1312335.958005249],PARAMETER[&amp;quot;False_Northing&amp;quot;,0.0],PARAMETER[&amp;quot;Central_Meridian&amp;quot;,-120.5],PARAMETER[&amp;quot;Standard_Parallel_1&amp;quot;,43.0],PARAMETER[&amp;quot;Standard_Parallel_2&amp;quot;,45.5],PARAMETER[&amp;quot;Latitude_Of_Origin&amp;quot;,41.75],UNIT[&amp;quot;Foot&amp;quot;,0.3048],AUTHORITY[&amp;quot;EPSG&amp;quot;,2992]]&lt;/WKT&gt;&lt;XOrigin&gt;-118489100&lt;/XOrigin&gt;&lt;YOrigin&gt;-97381100&lt;/YOrigin&gt;&lt;XYScale&gt;3048&lt;/XYScale&gt;&lt;ZOrigin&gt;-100000&lt;/ZOrigin&gt;&lt;ZScale&gt;10000&lt;/ZScale&gt;&lt;MOrigin&gt;-100000&lt;/MOrigin&gt;&lt;MScale&gt;10000&lt;/MScale&gt;&lt;XYTolerance&gt;0.0032808398950131233&lt;/XYTolerance&gt;&lt;ZTolerance&gt;0.001&lt;/ZTolerance&gt;&lt;MTolerance&gt;0.001&lt;/MTolerance&gt;&lt;HighPrecision&gt;true&lt;/HighPrecision&gt;&lt;WKID&gt;2992&lt;/WKID&gt;&lt;/ProjectedCoordinateSystem&gt;</peXml></coordRef><lineage><Process Name="Merge" ToolSource="C:\Program Files\ArcGIS\Desktop10.0\ArcToolbox\Toolboxes\Data Management Tools.tbx\Merge" Date="20120217" Time="114229">Merge X:\plant\Weed\Weedmapper\geolib\Weedmapper.gdb\MasterWeedFeatureClass;'X:\plant\apark\2010 ALL data\2010 Data\CALA20\CALA20_BLM_2011.shp' X:\plant\Weed\Weedmapper\WeedMapper_New_Output.gdb\cala20_m1_blm11 "Provider_Name "Provider Name" true true false 50 Text 0 0 ,First,#,X:\plant\Weed\Weedmapper\geolib\Weedmapper.gdb\MasterWeedFeatureClass,Provider_Name,-1,-1;Provider_Address "Provider Address" true true false 50 Text 0 0 ,First,#,X:\plant\Weed\Weedmapper\geolib\Weedmapper.gdb\MasterWeedFeatureClass,Provider_Address,-1,-1;Provider_Email "Provider Email" true true false 50 Text 0 0 ,First,#,X:\plant\Weed\Weedmapper\geolib\Weedmapper.gdb\MasterWeedFeatureClass,Provider_Email,-1,-1;Provider_Phone "Provider Phone" true true false 12 Text 0 0 ,First,#,X:\plant\Weed\Weedmapper\geolib\Weedmapper.gdb\MasterWeedFeatureClass,Provider_Phone,-1,-1;Date_Submitted "Date Submitted" true true false 8 Text 0 0 ,First,#,X:\plant\Weed\Weedmapper\geolib\Weedmapper.gdb\MasterWeedFeatureClass,Date_Submitted,-1,-1;Genus_Species "Genus Species" true true false 50 Text 0 0 ,First,#,X:\plant\Weed\Weedmapper\geolib\Weedmapper.gdb\MasterWeedFeatureClass,Genus_Species,-1,-1;Common_Name "Common Name" true true false 50 Text 0 0 ,First,#,X:\plant\Weed\Weedmapper\geolib\Weedmapper.gdb\MasterWeedFeatureClass,Common_Name,-1,-1;Taxonomic_Species_Number "Taxonomic Species Number" true true false 4 Long 0 0 ,First,#,X:\plant\Weed\Weedmapper\geolib\Weedmapper.gdb\MasterWeedFeatureClass,Taxonomic_Species_Number,-1,-1;USDA_Code "USDA Code" true true false 10 Text 0 0 ,First,#,X:\plant\Weed\Weedmapper\geolib\Weedmapper.gdb\MasterWeedFeatureClass,USDA_Code,-1,-1;Datum "Datum" true true false 15 Text 0 0 ,First,#,X:\plant\Weed\Weedmapper\geolib\Weedmapper.gdb\MasterWeedFeatureClass,Datum,-1,-1;Latitude_Degree "Latitude_Degree" true true false 8 Double 0 0 ,First,#,X:\plant\Weed\Weedmapper\geolib\Weedmapper.gdb\MasterWeedFeatureClass,Latitude_Degree,-1,-1;Latitude_Minute "Latitude_Minute" true true false 8 Double 0 0 ,First,#,X:\plant\Weed\Weedmapper\geolib\Weedmapper.gdb\MasterWeedFeatureClass,Latitude_Minute,-1,-1;Latitude_Second "Latitude_Second" true true false 8 Double 0 0 ,First,#,X:\plant\Weed\Weedmapper\geolib\Weedmapper.gdb\MasterWeedFeatureClass,Latitude_Second,-1,-1;Latitude_Decimal_Degree "Latitude_Decimal_Degree" true true false 8 Double 0 0 ,First,#,X:\plant\Weed\Weedmapper\geolib\Weedmapper.gdb\MasterWeedFeatureClass,Latitude_Decimal_Degree,-1,-1;Longitude_Degree "Lonitude_Degree" true true false 8 Double 0 0 ,First,#,X:\plant\Weed\Weedmapper\geolib\Weedmapper.gdb\MasterWeedFeatureClass,Longitude_Degree,-1,-1;Longitude_Minute "Longitude_Minute" true true false 8 Double 0 0 ,First,#,X:\plant\Weed\Weedmapper\geolib\Weedmapper.gdb\MasterWeedFeatureClass,Longitude_Minute,-1,-1;Longitude_Second "Longitude_Second" true true false 8 Double 0 0 ,First,#,X:\plant\Weed\Weedmapper\geolib\Weedmapper.gdb\MasterWeedFeatureClass,Longitude_Second,-1,-1;Longitude_Decimal_Degree "Longitude_Decimal_Degree" true true false 8 Double 0 0 ,First,#,X:\plant\Weed\Weedmapper\geolib\Weedmapper.gdb\MasterWeedFeatureClass,Longitude_Decimal_Degree,-1,-1;Net_Acs "Net Acres" true true false 8 Double 0 0 ,First,#,X:\plant\Weed\Weedmapper\geolib\Weedmapper.gdb\MasterWeedFeatureClass,Net_Acs,-1,-1;Location "Location" true true false 20 Text 0 0 ,First,#,X:\plant\Weed\Weedmapper\geolib\Weedmapper.gdb\MasterWeedFeatureClass,Location,-1,-1;Frequency_Plants "Frequency_Plants" true true false 50 Text 0 0 ,First,#,X:\plant\Weed\Weedmapper\geolib\Weedmapper.gdb\MasterWeedFeatureClass,Frequency_Plants,-1,-1;Treatment "Treatment" true true false 20 Text 0 0 ,First,#,X:\plant\Weed\Weedmapper\geolib\Weedmapper.gdb\MasterWeedFeatureClass,Treatment,-1,-1;Treatment_Date "Treatment_Date" true true false 4 Long 0 0 ,First,#,X:\plant\Weed\Weedmapper\geolib\Weedmapper.gdb\MasterWeedFeatureClass,Treatment_Date,-1,-1;Number_Plants "Number_Plants" true true false 50 Text 0 0 ,First,#,X:\plant\Weed\Weedmapper\geolib\Weedmapper.gdb\MasterWeedFeatureClass,Number_Plants,-1,-1;Date_Found "Date_Found" true true false 50 Text 0 0 ,First,#,X:\plant\Weed\Weedmapper\geolib\Weedmapper.gdb\MasterWeedFeatureClass,Date_Found,-1,-1;Land_Ownership "Land_Ownership" true true false 50 Text 0 0 ,First,#,X:\plant\Weed\Weedmapper\geolib\Weedmapper.gdb\MasterWeedFeatureClass,Land_Ownership,-1,-1;OBJECTID "OBJECTID" true true false 9 Long 0 9 ,First,#,X:\plant\apark\2010 ALL data\2010 Data\CALA20\CALA20_BLM_2011.shp,OBJECTID,-1,-1;SPECCODE "SPECCODE" true true false 8 Text 0 0 ,First,#,X:\plant\apark\2010 ALL data\2010 Data\CALA20\CALA20_BLM_2011.shp,SPECCODE,-1,-1;GIS_ID "GIS_ID" true true false 9 Long 0 9 ,First,#,X:\plant\apark\2010 ALL data\2010 Data\CALA20\CALA20_BLM_2011.shp,GIS_ID,-1,-1;SITE_ID "SITE_ID" true true false 9 Long 0 9 ,First,#,X:\plant\apark\2010 ALL data\2010 Data\CALA20\CALA20_BLM_2011.shp,SITE_ID,-1,-1;DIST_CD "DIST_CD" true true false 2 Text 0 0 ,First,#,X:\plant\apark\2010 ALL data\2010 Data\CALA20\CALA20_BLM_2011.shp,DIST_CD,-1,-1;COORD_SRC "COORD_SRC" true true false 3 Text 0 0 ,First,#,X:\plant\apark\2010 ALL data\2010 Data\CALA20\CALA20_BLM_2011.shp,COORD_SRC,-1,-1;ACC_FT "ACC_FT" true true false 4 Short 0 4 ,First,#,X:\plant\apark\2010 ALL data\2010 Data\CALA20\CALA20_BLM_2011.shp,ACC_FT,-1,-1;NUM_PLTS "NUM_PLTS" true true false 9 Long 0 9 ,First,#,X:\plant\apark\2010 ALL data\2010 Data\CALA20\CALA20_BLM_2011.shp,NUM_PLTS,-1,-1;UNIT_MEAS "UNIT_MEAS" true true false 5 Text 0 0 ,First,#,X:\plant\apark\2010 ALL data\2010 Data\CALA20\CALA20_BLM_2011.shp,UNIT_MEAS,-1,-1;OC_CD "OC_CD" true true false 1 Text 0 0 ,First,#,X:\plant\apark\2010 ALL data\2010 Data\CALA20\CALA20_BLM_2011.shp,OC_CD,-1,-1;DISC_DATE "DISC_DATE" true true false 8 Text 0 0 ,First,#,X:\plant\apark\2010 ALL data\2010 Data\CALA20\CALA20_BLM_2011.shp,DISC_DATE,-1,-1;REV_DATE "REV_DATE" true true false 8 Text 0 0 ,First,#,X:\plant\apark\2010 ALL data\2010 Data\CALA20\CALA20_BLM_2011.shp,REV_DATE,-1,-1;SHAPE_Leng "SHAPE_Leng" true true false 19 Double 0 0 ,First,#,X:\plant\apark\2010 ALL data\2010 Data\CALA20\CALA20_BLM_2011.shp,SHAPE_Leng,-1,-1;SHAPE_Area "SHAPE_Area" true true false 19 Double 0 0 ,First,#,X:\plant\apark\2010 ALL data\2010 Data\CALA20\CALA20_BLM_2011.shp,SHAPE_Area,-1,-1;ORIG_FID "ORIG_FID" true true false 9 Long 0 9 ,First,#,X:\plant\apark\2010 ALL data\2010 Data\CALA20\CALA20_BLM_2011.shp,ORIG_FID,-1,-1"</Process><Process Name="Calculate Field: Provider Name" ToolSource="C:\Program Files\ArcGIS\Desktop10.0\ArcToolbox\Toolboxes\Data Management Tools.tbx\CalculateField" Date="20120217" Time="114234">CalculateField X:\plant\Weed\Weedmapper\WeedMapper_New_Output.gdb\cala20_m1_blm11 Provider_Name "Bureau of Land Management" VB #</Process><Process Name="Calculate Field: Provider Address" ToolSource="C:\Program Files\ArcGIS\Desktop10.0\ArcToolbox\Toolboxes\Data Management Tools.tbx\CalculateField" Date="20120217" Time="114238">CalculateField X:\plant\Weed\Weedmapper\WeedMapper_New_Output.gdb\cala20_m1_blm11 Provider_Address "333 SW 1st Ave, Portland, OR, 97201" VB #</Process><Process Name="Calculate Field: Email for Provider" ToolSource="C:\Program Files\ArcGIS\Desktop10.0\ArcToolbox\Toolboxes\Data Management Tools.tbx\CalculateField" Date="20120217" Time="114241">CalculateField X:\plant\Weed\Weedmapper\WeedMapper_New_Output.gdb\cala20_m1_blm11 Provider_Email "BLM_OR_SO_Land_Office_Mail@blm.gov" VB #</Process><Process Name="Calculate Field: Phone Number" ToolSource="C:\Program Files\ArcGIS\Desktop10.0\ArcToolbox\Toolboxes\Data Management Tools.tbx\CalculateField" Date="20120217" Time="114245">CalculateField X:\plant\Weed\Weedmapper\WeedMapper_New_Output.gdb\cala20_m1_blm11 Provider_Phone "503-808-6001" VB #</Process><Process Name="Calculate Field: Date Found" ToolSource="C:\Program Files\ArcGIS\Desktop10.0\ArcToolbox\Toolboxes\Data Management Tools.tbx\CalculateField" Date="20120217" Time="114248">CalculateField X:\plant\Weed\Weedmapper\WeedMapper_New_Output.gdb\cala20_m1_blm11 Date_Found [disc_date] VB #</Process><Process Name="Calculate Field:Date Submitted" ToolSource="C:\Program Files\ArcGIS\Desktop10.0\ArcToolbox\Toolboxes\Data Management Tools.tbx\CalculateField" Date="20120217" Time="114252">CalculateField X:\plant\Weed\Weedmapper\WeedMapper_New_Output.gdb\cala20_m1_blm11 Date_Submitted 2011 VB #</Process><Process Name="Calculate Field: Genus_Species" ToolSource="C:\Program Files\ArcGIS\Desktop10.0\ArcToolbox\Toolboxes\Data Management Tools.tbx\CalculateField" Date="20120217" Time="114255">CalculateField X:\plant\Weed\Weedmapper\WeedMapper_New_Output.gdb\cala20_m1_blm11 Genus_Species "" VB #</Process><Process Name="Calculate Field: Common Name" ToolSource="C:\Program Files\ArcGIS\Desktop10.0\ArcToolbox\Toolboxes\Data Management Tools.tbx\CalculateField" Date="20120217" Time="114258">CalculateField X:\plant\Weed\Weedmapper\WeedMapper_New_Output.gdb\cala20_m1_blm11 Common_Name "Common Name" VB #</Process><Process Name="Calculate Field: Taxomonic_Species_Number" ToolSource="C:\Program Files\ArcGIS\Desktop10.0\ArcToolbox\Toolboxes\Data Management Tools.tbx\CalculateField" Date="20120217" Time="114302">CalculateField X:\plant\Weed\Weedmapper\WeedMapper_New_Output.gdb\cala20_m1_blm11 Taxonomic_Species_Number 0000 VB #</Process><Process Name="Calculate Field: USDA_Code" ToolSource="C:\Program Files\ArcGIS\Desktop10.0\ArcToolbox\Toolboxes\Data Management Tools.tbx\CalculateField" Date="20120217" Time="114305">CalculateField X:\plant\Weed\Weedmapper\WeedMapper_New_Output.gdb\cala20_m1_blm11 USDA_Code "" VB #</Process><Process Name="Calculate Field: Land Ownership" ToolSource="C:\Program Files\ArcGIS\Desktop10.0\ArcToolbox\Toolboxes\Data Management Tools.tbx\CalculateField" Date="20120217" Time="114309">CalculateField X:\plant\Weed\Weedmapper\WeedMapper_New_Output.gdb\cala20_m1_blm11 Land_Ownership "Bureau of Land Management" VB #</Process><Process Name="Calculate Field: Number_Plants" ToolSource="C:\Program Files\ArcGIS\Desktop10.0\ArcToolbox\Toolboxes\Data Management Tools.tbx\CalculateField" Date="20120217" Time="114312">CalculateField X:\plant\Weed\Weedmapper\WeedMapper_New_Output.gdb\cala20_m1_blm11 Number_Plants [num_plts] VB #</Process><Process Name="Calculate Field: Net_acres" ToolSource="C:\Program Files\ArcGIS\Desktop10.0\ArcToolbox\Toolboxes\Data Management Tools.tbx\CalculateField" Date="20120217" Time="114315">CalculateField X:\plant\Weed\Weedmapper\WeedMapper_New_Output.gdb\cala20_m1_blm11 Net_Acs 0 VB #</Process><Process Name="Delete Field" ToolSource="C:\Program Files\ArcGIS\Desktop10.0\ArcToolbox\Toolboxes\Data Management Tools.tbx\DeleteField" Date="20120217" Time="114324">DeleteField X:\plant\Weed\Weedmapper\WeedMapper_New_Output.gdb\cala20_m1_blm11 OBJECTID;SPECCODE;GIS_ID;SITE_ID;DIST_CD;COORD_SRC;ACC_FT;NUM_PLTS;UNIT_MEAS;OC_CD;DISC_DATE;REV_DATE;SHAPE_Leng;SHAPE_Area;ORIG_FID;LAYER;AREA;PERIMETER;WEEDS_;WEEDS_ID;WEED_CODE;PHP;ACRES;X;Y;T_R;Section;Road;Surveyor;Date_;Site;CIAR;CIVU;COAR4;CYSC4;RUD12;RULA;SEJA;BRSY;PHAR3;CEPR;POCU6;HEHE;BUDA2;POSA4;CYMO5;CEMA4;CEDI3;x_coor;y_coor;Id;Species;WOPRgroup;SpeciesCod</Process><Process ToolSource="C:\Program Files\ArcGIS\Desktop10.0\ArcToolbox\Toolboxes\Data Management Tools.tbx\Merge" Date="20120217" Time="122749">Merge X:\plant\Weed\Weedmapper\WeedMapper_New_Output.gdb\cala20_m1_blm11;X:\plant\Weed\Weedmapper\WeedMapper_New_Output.gdb\cala20_m2_oda04;X:\plant\Weed\Weedmapper\WeedMapper_New_Output.gdb\cala20_m3_curry07 X:\PLANT\WEED\WEEDMAPPER\Final_Weed_Layer.gdb\CALA20 "Provider_Name "Provider Name" true true false 50 Text 0 0 ,First,#,X:\plant\Weed\Weedmapper\WeedMapper_New_Output.gdb\cala20_m1_blm11,Provider_Name,-1,-1,X:\plant\Weed\Weedmapper\WeedMapper_New_Output.gdb\cala20_m2_oda04,Provider_Name,-1,-1,X:\plant\Weed\Weedmapper\WeedMapper_New_Output.gdb\cala20_m3_curry07,Provider_Name,-1,-1;Provider_Address "Provider Address" true true false 50 Text 0 0 ,First,#,X:\plant\Weed\Weedmapper\WeedMapper_New_Output.gdb\cala20_m1_blm11,Provider_Address,-1,-1,X:\plant\Weed\Weedmapper\WeedMapper_New_Output.gdb\cala20_m2_oda04,Provider_Address,-1,-1,X:\plant\Weed\Weedmapper\WeedMapper_New_Output.gdb\cala20_m3_curry07,Provider_Address,-1,-1;Provider_Email "Provider Email" true true false 50 Text 0 0 ,First,#,X:\plant\Weed\Weedmapper\WeedMapper_New_Output.gdb\cala20_m1_blm11,Provider_Email,-1,-1,X:\plant\Weed\Weedmapper\WeedMapper_New_Output.gdb\cala20_m2_oda04,Provider_Email,-1,-1,X:\plant\Weed\Weedmapper\WeedMapper_New_Output.gdb\cala20_m3_curry07,Provider_Email,-1,-1;Provider_Phone "Provider Phone" true true false 12 Text 0 0 ,First,#,X:\plant\Weed\Weedmapper\WeedMapper_New_Output.gdb\cala20_m1_blm11,Provider_Phone,-1,-1,X:\plant\Weed\Weedmapper\WeedMapper_New_Output.gdb\cala20_m2_oda04,Provider_Phone,-1,-1,X:\plant\Weed\Weedmapper\WeedMapper_New_Output.gdb\cala20_m3_curry07,Provider_Phone,-1,-1;Date_Submitted "Date Submitted" true true false 8 Text 0 0 ,First,#,X:\plant\Weed\Weedmapper\WeedMapper_New_Output.gdb\cala20_m1_blm11,Date_Submitted,-1,-1,X:\plant\Weed\Weedmapper\WeedMapper_New_Output.gdb\cala20_m2_oda04,Date_Submitted,-1,-1,X:\plant\Weed\Weedmapper\WeedMapper_New_Output.gdb\cala20_m3_curry07,Date_Submitted,-1,-1;Genus_Species "Genus Species" true true false 50 Text 0 0 ,First,#,X:\plant\Weed\Weedmapper\WeedMapper_New_Output.gdb\cala20_m1_blm11,Genus_Species,-1,-1,X:\plant\Weed\Weedmapper\WeedMapper_New_Output.gdb\cala20_m2_oda04,Genus_Species,-1,-1,X:\plant\Weed\Weedmapper\WeedMapper_New_Output.gdb\cala20_m3_curry07,Genus_Species,-1,-1;Common_Name "Common Name" true true false 50 Text 0 0 ,First,#,X:\plant\Weed\Weedmapper\WeedMapper_New_Output.gdb\cala20_m1_blm11,Common_Name,-1,-1,X:\plant\Weed\Weedmapper\WeedMapper_New_Output.gdb\cala20_m2_oda04,Common_Name,-1,-1,X:\plant\Weed\Weedmapper\WeedMapper_New_Output.gdb\cala20_m3_curry07,Common_Name,-1,-1;Taxonomic_Species_Number "Taxonomic Species Number" true true false 4 Long 0 0 ,First,#,X:\plant\Weed\Weedmapper\WeedMapper_New_Output.gdb\cala20_m1_blm11,Taxonomic_Species_Number,-1,-1,X:\plant\Weed\Weedmapper\WeedMapper_New_Output.gdb\cala20_m2_oda04,Taxonomic_Species_Number,-1,-1,X:\plant\Weed\Weedmapper\WeedMapper_New_Output.gdb\cala20_m3_curry07,Taxonomic_Species_Number,-1,-1;USDA_Code "USDA Code" true true false 10 Text 0 0 ,First,#,X:\plant\Weed\Weedmapper\WeedMapper_New_Output.gdb\cala20_m1_blm11,USDA_Code,-1,-1,X:\plant\Weed\Weedmapper\WeedMapper_New_Output.gdb\cala20_m2_oda04,USDA_Code,-1,-1,X:\plant\Weed\Weedmapper\WeedMapper_New_Output.gdb\cala20_m3_curry07,USDA_Code,-1,-1;Datum "Datum" true true false 15 Text 0 0 ,First,#,X:\plant\Weed\Weedmapper\WeedMapper_New_Output.gdb\cala20_m1_blm11,Datum,-1,-1,X:\plant\Weed\Weedmapper\WeedMapper_New_Output.gdb\cala20_m2_oda04,Datum,-1,-1,X:\plant\Weed\Weedmapper\WeedMapper_New_Output.gdb\cala20_m3_curry07,Datum,-1,-1;Latitude_Degree "Latitude_Degree" true true false 8 Double 0 0 ,First,#,X:\plant\Weed\Weedmapper\WeedMapper_New_Output.gdb\cala20_m1_blm11,Latitude_Degree,-1,-1,X:\plant\Weed\Weedmapper\WeedMapper_New_Output.gdb\cala20_m2_oda04,Latitude_Degree,-1,-1,X:\plant\Weed\Weedmapper\WeedMapper_New_Output.gdb\cala20_m3_curry07,Latitude_Degree,-1,-1;Latitude_Minute "Latitude_Minute" true true false 8 Double 0 0 ,First,#,X:\plant\Weed\Weedmapper\WeedMapper_New_Output.gdb\cala20_m1_blm11,Latitude_Minute,-1,-1,X:\plant\Weed\Weedmapper\WeedMapper_New_Output.gdb\cala20_m2_oda04,Latitude_Minute,-1,-1,X:\plant\Weed\Weedmapper\WeedMapper_New_Output.gdb\cala20_m3_curry07,Latitude_Minute,-1,-1;Latitude_Second "Latitude_Second" true true false 8 Double 0 0 ,First,#,X:\plant\Weed\Weedmapper\WeedMapper_New_Output.gdb\cala20_m1_blm11,Latitude_Second,-1,-1,X:\plant\Weed\Weedmapper\WeedMapper_New_Output.gdb\cala20_m2_oda04,Latitude_Second,-1,-1,X:\plant\Weed\Weedmapper\WeedMapper_New_Output.gdb\cala20_m3_curry07,Latitude_Second,-1,-1;Latitude_Decimal_Degree "Latitude_Decimal_Degree" true true false 8 Double 0 0 ,First,#,X:\plant\Weed\Weedmapper\WeedMapper_New_Output.gdb\cala20_m1_blm11,Latitude_Decimal_Degree,-1,-1,X:\plant\Weed\Weedmapper\WeedMapper_New_Output.gdb\cala20_m2_oda04,Latitude_Decimal_Degree,-1,-1,X:\plant\Weed\Weedmapper\WeedMapper_New_Output.gdb\cala20_m3_curry07,Latitude_Decimal_Degree,-1,-1;Longitude_Degree "Lonitude_Degree" true true false 8 Double 0 0 ,First,#,X:\plant\Weed\Weedmapper\WeedMapper_New_Output.gdb\cala20_m1_blm11,Longitude_Degree,-1,-1,X:\plant\Weed\Weedmapper\WeedMapper_New_Output.gdb\cala20_m2_oda04,Longitude_Degree,-1,-1,X:\plant\Weed\Weedmapper\WeedMapper_New_Output.gdb\cala20_m3_curry07,Longitude_Degree,-1,-1;Longitude_Minute "Longitude_Minute" true true false 8 Double 0 0 ,First,#,X:\plant\Weed\Weedmapper\WeedMapper_New_Output.gdb\cala20_m1_blm11,Longitude_Minute,-1,-1,X:\plant\Weed\Weedmapper\WeedMapper_New_Output.gdb\cala20_m2_oda04,Longitude_Minute,-1,-1,X:\plant\Weed\Weedmapper\WeedMapper_New_Output.gdb\cala20_m3_curry07,Longitude_Minute,-1,-1;Longitude_Second "Longitude_Second" true true false 8 Double 0 0 ,First,#,X:\plant\Weed\Weedmapper\WeedMapper_New_Output.gdb\cala20_m1_blm11,Longitude_Second,-1,-1,X:\plant\Weed\Weedmapper\WeedMapper_New_Output.gdb\cala20_m2_oda04,Longitude_Second,-1,-1,X:\plant\Weed\Weedmapper\WeedMapper_New_Output.gdb\cala20_m3_curry07,Longitude_Second,-1,-1;Longitude_Decimal_Degree "Longitude_Decimal_Degree" true true false 8 Double 0 0 ,First,#,X:\plant\Weed\Weedmapper\WeedMapper_New_Output.gdb\cala20_m1_blm11,Longitude_Decimal_Degree,-1,-1,X:\plant\Weed\Weedmapper\WeedMapper_New_Output.gdb\cala20_m2_oda04,Longitude_Decimal_Degree,-1,-1,X:\plant\Weed\Weedmapper\WeedMapper_New_Output.gdb\cala20_m3_curry07,Longitude_Decimal_Degree,-1,-1;Net_Acs "Net Acres" true true false 8 Double 0 0 ,First,#,X:\plant\Weed\Weedmapper\WeedMapper_New_Output.gdb\cala20_m1_blm11,Net_Acs,-1,-1,X:\plant\Weed\Weedmapper\WeedMapper_New_Output.gdb\cala20_m2_oda04,Net_Acs,-1,-1,X:\plant\Weed\Weedmapper\WeedMapper_New_Output.gdb\cala20_m3_curry07,Net_Acs,-1,-1;Location "Location" true true false 20 Text 0 0 ,First,#,X:\plant\Weed\Weedmapper\WeedMapper_New_Output.gdb\cala20_m1_blm11,Location,-1,-1,X:\plant\Weed\Weedmapper\WeedMapper_New_Output.gdb\cala20_m2_oda04,Location,-1,-1,X:\plant\Weed\Weedmapper\WeedMapper_New_Output.gdb\cala20_m3_curry07,Location,-1,-1;Frequency_Plants "Frequency_Plants" true true false 50 Text 0 0 ,First,#,X:\plant\Weed\Weedmapper\WeedMapper_New_Output.gdb\cala20_m1_blm11,Frequency_Plants,-1,-1,X:\plant\Weed\Weedmapper\WeedMapper_New_Output.gdb\cala20_m2_oda04,Frequency_Plants,-1,-1,X:\plant\Weed\Weedmapper\WeedMapper_New_Output.gdb\cala20_m3_curry07,Frequency_Plants,-1,-1;Treatment "Treatment" true true false 20 Text 0 0 ,First,#,X:\plant\Weed\Weedmapper\WeedMapper_New_Output.gdb\cala20_m1_blm11,Treatment,-1,-1,X:\plant\Weed\Weedmapper\WeedMapper_New_Output.gdb\cala20_m2_oda04,Treatment,-1,-1,X:\plant\Weed\Weedmapper\WeedMapper_New_Output.gdb\cala20_m3_curry07,Treatment,-1,-1;Treatment_Date "Treatment_Date" true true false 4 Long 0 0 ,First,#,X:\plant\Weed\Weedmapper\WeedMapper_New_Output.gdb\cala20_m1_blm11,Treatment_Date,-1,-1,X:\plant\Weed\Weedmapper\WeedMapper_New_Output.gdb\cala20_m2_oda04,Treatment_Date,-1,-1,X:\plant\Weed\Weedmapper\WeedMapper_New_Output.gdb\cala20_m3_curry07,Treatment_Date,-1,-1;Number_Plants "Number_Plants" true true false 50 Text 0 0 ,First,#,X:\plant\Weed\Weedmapper\WeedMapper_New_Output.gdb\cala20_m1_blm11,Number_Plants,-1,-1,X:\plant\Weed\Weedmapper\WeedMapper_New_Output.gdb\cala20_m2_oda04,Number_Plants,-1,-1,X:\plant\Weed\Weedmapper\WeedMapper_New_Output.gdb\cala20_m3_curry07,Number_Plants,-1,-1;Date_Found "Date_Found" true true false 50 Text 0 0 ,First,#,X:\plant\Weed\Weedmapper\WeedMapper_New_Output.gdb\cala20_m1_blm11,Date_Found,-1,-1,X:\plant\Weed\Weedmapper\WeedMapper_New_Output.gdb\cala20_m2_oda04,Date_Found,-1,-1,X:\plant\Weed\Weedmapper\WeedMapper_New_Output.gdb\cala20_m3_curry07,Date_Found,-1,-1;Land_Ownership "Land_Ownership" true true false 50 Text 0 0 ,First,#,X:\plant\Weed\Weedmapper\WeedMapper_New_Output.gdb\cala20_m1_blm11,Land_Ownership,-1,-1,X:\plant\Weed\Weedmapper\WeedMapper_New_Output.gdb\cala20_m2_oda04,Land_Ownership,-1,-1,X:\plant\Weed\Weedmapper\WeedMapper_New_Output.gdb\cala20_m3_curry07,Land_Ownership,-1,-1"</Process><Process ToolSource="C:\Program Files\ArcGIS\Desktop10.0\ArcToolbox\Toolboxes\Data Management Tools.tbx\CalculateField" Date="20120217" Time="123232">CalculateField CALA20 Genus_Species "Carthamus lanatus" VB #</Process><Process ToolSource="C:\Program Files\ArcGIS\Desktop10.0\ArcToolbox\Toolboxes\Data Management Tools.tbx\CalculateField" Date="20120217" Time="123247">CalculateField CALA20 Common_Name "Woolly distaff thistle" VB #</Process><Process ToolSource="C:\Program Files\ArcGIS\Desktop10.0\ArcToolbox\Toolboxes\Data Management Tools.tbx\CalculateField" Date="20120217" Time="123300">CalculateField CALA20 Taxonomic_Species_Number 501303 VB #</Process><Process ToolSource="C:\Program Files\ArcGIS\Desktop10.0\ArcToolbox\Toolboxes\Data Management Tools.tbx\CalculateField" Date="20120217" Time="123311">CalculateField CALA20 USDA_Code "CALA20" VB #</Process></lineage></DataProperties><SyncDate>20120217</SyncDate><SyncTime>12274000</SyncTime><ModDate>20120217</ModDate><ModTime>12274000</ModTime></Esri><dataIdInfo><envirDesc Sync="TRUE">Microsoft Windows Server 2008 R2 Version 6.1 (Build 7601) Service Pack 1; ESRI ArcGIS 10.0.2.3200</envirDesc><dataLang><languageCode value="eng" country="USA"></languageCode></dataLang><idCitation><resTitle Sync="TRUE">CALA20</resTitle><presForm><PresFormCd value="005"></PresFormCd></presForm></idCitation><descKeys><thesaName uuidref="723f6998-058e-11dc-8314-0800200c9a66"></thesaName><keyword Sync="TRUE">002</keyword></descKeys><spatRpType><SpatRepTypCd value="001"></SpatRepTypCd></spatRpType></dataIdInfo><mdLang><languageCode value="eng"></languageCode></mdLang><distInfo><distFormat><formatName Sync="TRUE">File Geodatabase Feature Class</formatName></distFormat></distInfo><mdHrLv><ScopeCd value="005"></ScopeCd></mdHrLv><mdHrLvName Sync="TRUE">dataset</mdHrLvName><refSysInfo><RefSystem><refSysID><identCode code="2992"></identCode><idCodeSpace Sync="TRUE">EPSG</idCodeSpace><idVersion Sync="TRUE">7.4.1</idVersion></refSysID></RefSystem></refSysInfo><spdoinfo><ptvctinf><esriterm Name="CALA20"><efeatyp Sync="TRUE">Simple</efeatyp><efeageom Sync="TRUE">1</efeageom><esritopo Sync="TRUE">FALSE</esritopo><efeacnt Sync="TRUE">0</efeacnt><spindex Sync="TRUE">TRUE</spindex><linrefer Sync="TRUE">FALSE</linrefer></esriterm></ptvctinf></spdoinfo><spatRepInfo><VectSpatRep><topLvl><TopoLevCd value="001"></TopoLevCd></topLvl><geometObjs><geoObjTyp><GeoObjTypCd value="004"></GeoObjTypCd><geoObjCnt Sync="TRUE">0</geoObjCnt></geoObjTyp></geometObjs></VectSpatRep></spatRepInfo><eainfo><detailed Name="CALA20"><enttyp><enttypl Sync="TRUE">CALA20</enttypl><enttypt Sync="TRUE">Feature Class</enttypt><enttypc Sync="TRUE">0</enttypc></enttyp><attr><attrlabl Sync="TRUE">Shape</attrlabl><attalias Sync="TRUE">Shape</attalias><attrtype Sync="TRUE">Geometry</attrtype><attwidth Sync="TRUE">0</attwidth><atprecis Sync="TRUE">0</atprecis><attscale Sync="TRUE">0</attscale><attrdef Sync="TRUE">Feature geometry.</attrdef><attrdefs Sync="TRUE">ESRI</attrdefs><attrdomv><udom Sync="TRUE">Coordinates defining the features.</udom></attrdomv></attr><attr><attrlabl Sync="TRUE">Provider_Name</attrlabl><attalias Sync="TRUE">Provider Name</attalias><attrtype Sync="TRUE">String</attrtype><attwidth Sync="TRUE">50</attwidth><atprecis Sync="TRUE">0</atprecis><attscale Sync="TRUE">0</attscale></attr><attr><attrlabl Sync="TRUE">Provider_Address</attrlabl><attalias Sync="TRUE">Provider Address</attalias><attrtype Sync="TRUE">String</attrtype><attwidth Sync="TRUE">50</attwidth><atprecis Sync="TRUE">0</atprecis><attscale Sync="TRUE">0</attscale></attr><attr><attrlabl Sync="TRUE">Provider_Email</attrlabl><attalias Sync="TRUE">Provider Email</attalias><attrtype Sync="TRUE">String</attrtype><attwidth Sync="TRUE">50</attwidth><atprecis Sync="TRUE">0</atprecis><attscale Sync="TRUE">0</attscale></attr><attr><attrlabl Sync="TRUE">Provider_Phone</attrlabl><attalias Sync="TRUE">Provider Phone</attalias><attrtype Sync="TRUE">String</attrtype><attwidth Sync="TRUE">12</attwidth><atprecis Sync="TRUE">0</atprecis><attscale Sync="TRUE">0</attscale></attr><attr><attrlabl Sync="TRUE">Date_Submitted</attrlabl><attalias Sync="TRUE">Date Submitted</attalias><attrtype Sync="TRUE">String</attrtype><attwidth Sync="TRUE">8</attwidth><atprecis Sync="TRUE">0</atprecis><attscale Sync="TRUE">0</attscale></attr><attr><attrlabl Sync="TRUE">Genus_Species</attrlabl><attalias Sync="TRUE">Genus Species</attalias><attrtype Sync="TRUE">String</attrtype><attwidth Sync="TRUE">50</attwidth><atprecis Sync="TRUE">0</atprecis><attscale Sync="TRUE">0</attscale></attr><attr><attrlabl Sync="TRUE">Common_Name</attrlabl><attalias Sync="TRUE">Common Name</attalias><attrtype Sync="TRUE">String</attrtype><attwidth Sync="TRUE">50</attwidth><atprecis Sync="TRUE">0</atprecis><attscale Sync="TRUE">0</attscale></attr><attr><attrlabl Sync="TRUE">Taxonomic_Species_Number</attrlabl><attalias Sync="TRUE">Taxonomic Species Number</attalias><attrtype Sync="TRUE">Integer</attrtype><attwidth Sync="TRUE">4</attwidth><atprecis Sync="TRUE">0</atprecis><attscale Sync="TRUE">0</attscale></attr><attr><attrlabl Sync="TRUE">USDA_Code</attrlabl><attalias Sync="TRUE">USDA Code</attalias><attrtype Sync="TRUE">String</attrtype><attwidth Sync="TRUE">10</attwidth><atprecis Sync="TRUE">0</atprecis><attscale Sync="TRUE">0</attscale></attr><attr><attrlabl Sync="TRUE">Datum</attrlabl><attalias Sync="TRUE">Datum</attalias><attrtype Sync="TRUE">String</attrtype><attwidth Sync="TRUE">15</attwidth><atprecis Sync="TRUE">0</atprecis><attscale Sync="TRUE">0</attscale></attr><attr><attrlabl Sync="TRUE">Latitude_Degree</attrlabl><attalias Sync="TRUE">Latitude_Degree</attalias><attrtype Sync="TRUE">Double</attrtype><attwidth Sync="TRUE">8</attwidth><atprecis Sync="TRUE">0</atprecis><attscale Sync="TRUE">0</attscale></attr><attr><attrlabl Sync="TRUE">Latitude_Minute</attrlabl><attalias Sync="TRUE">Latitude_Minute</attalias><attrtype Sync="TRUE">Double</attrtype><attwidth Sync="TRUE">8</attwidth><atprecis Sync="TRUE">0</atprecis><attscale Sync="TRUE">0</attscale></attr><attr><attrlabl Sync="TRUE">Latitude_Second</attrlabl><attalias Sync="TRUE">Latitude_Second</attalias><attrtype Sync="TRUE">Double</attrtype><attwidth Sync="TRUE">8</attwidth><atprecis Sync="TRUE">0</atprecis><attscale Sync="TRUE">0</attscale></attr><attr><attrlabl Sync="TRUE">Latitude_Decimal_Degree</attrlabl><attalias Sync="TRUE">Latitude_Decimal_Degree</attalias><attrtype Sync="TRUE">Double</attrtype><attwidth Sync="TRUE">8</attwidth><atprecis Sync="TRUE">0</atprecis><attscale Sync="TRUE">0</attscale></attr><attr><attrlabl Sync="TRUE">Longitude_Degree</attrlabl><attalias Sync="TRUE">Lonitude_Degree</attalias><attrtype Sync="TRUE">Double</attrtype><attwidth Sync="TRUE">8</attwidth><atprecis Sync="TRUE">0</atprecis><attscale Sync="TRUE">0</attscale></attr><attr><attrlabl Sync="TRUE">Longitude_Minute</attrlabl><attalias Sync="TRUE">Longitude_Minute</attalias><attrtype Sync="TRUE">Double</attrtype><attwidth Sync="TRUE">8</attwidth><atprecis Sync="TRUE">0</atprecis><attscale Sync="TRUE">0</attscale></attr><attr><attrlabl Sync="TRUE">Longitude_Second</attrlabl><attalias Sync="TRUE">Longitude_Second</attalias><attrtype Sync="TRUE">Double</attrtype><attwidth Sync="TRUE">8</attwidth><atprecis Sync="TRUE">0</atprecis><attscale Sync="TRUE">0</attscale></attr><attr><attrlabl Sync="TRUE">Longitude_Decimal_Degree</attrlabl><attalias Sync="TRUE">Longitude_Decimal_Degree</attalias><attrtype Sync="TRUE">Double</attrtype><attwidth Sync="TRUE">8</attwidth><atprecis Sync="TRUE">0</atprecis><attscale Sync="TRUE">0</attscale></attr><attr><attrlabl Sync="TRUE">Net_Acs</attrlabl><attalias Sync="TRUE">Net Acres</attalias><attrtype Sync="TRUE">Double</attrtype><attwidth Sync="TRUE">8</attwidth><atprecis Sync="TRUE">0</atprecis><attscale Sync="TRUE">0</attscale></attr><attr><attrlabl Sync="TRUE">Location</attrlabl><attalias Sync="TRUE">Location</attalias><attrtype Sync="TRUE">String</attrtype><attwidth Sync="TRUE">20</attwidth><atprecis Sync="TRUE">0</atprecis><attscale Sync="TRUE">0</attscale></attr><attr><attrlabl Sync="TRUE">Frequency_Plants</attrlabl><attalias Sync="TRUE">Frequency_Plants</attalias><attrtype Sync="TRUE">String</attrtype><attwidth Sync="TRUE">50</attwidth><atprecis Sync="TRUE">0</atprecis><attscale Sync="TRUE">0</attscale></attr><attr><attrlabl Sync="TRUE">Treatment</attrlabl><attalias Sync="TRUE">Treatment</attalias><attrtype Sync="TRUE">String</attrtype><attwidth Sync="TRUE">20</attwidth><atprecis Sync="TRUE">0</atprecis><attscale Sync="TRUE">0</attscale></attr><attr><attrlabl Sync="TRUE">Treatment_Date</attrlabl><attalias Sync="TRUE">Treatment_Date</attalias><attrtype Sync="TRUE">Integer</attrtype><attwidth Sync="TRUE">4</attwidth><atprecis Sync="TRUE">0</atprecis><attscale Sync="TRUE">0</attscale></attr><attr><attrlabl Sync="TRUE">Number_Plants</attrlabl><attalias Sync="TRUE">Number_Plants</attalias><attrtype Sync="TRUE">String</attrtype><attwidth Sync="TRUE">50</attwidth><atprecis Sync="TRUE">0</atprecis><attscale Sync="TRUE">0</attscale></attr><attr><attrlabl Sync="TRUE">Date_Found</attrlabl><attalias Sync="TRUE">Date_Found</attalias><attrtype Sync="TRUE">String</attrtype><attwidth Sync="TRUE">50</attwidth><atprecis Sync="TRUE">0</atprecis><attscale Sync="TRUE">0</attscale></attr><attr><attrlabl Sync="TRUE">Land_Ownership</attrlabl><attalias Sync="TRUE">Land_Ownership</attalias><attrtype Sync="TRUE">String</attrtype><attwidth Sync="TRUE">50</attwidth><atprecis Sync="TRUE">0</atprecis><attscale Sync="TRUE">0</attscale></attr><attr><attrlabl Sync="TRUE">OBJECTID</attrlabl><attalias Sync="TRUE">OBJECTID</attalias><attrtype Sync="TRUE">OID</attrtype><attwidth Sync="TRUE">4</attwidth><atprecis Sync="TRUE">0</atprecis><attscale Sync="TRUE">0</attscale><attrdef Sync="TRUE">Internal feature number.</attrdef><attrdefs Sync="TRUE">ESRI</attrdefs><attrdomv><udom Sync="TRUE">Sequential unique whole numbers that are automatically generated.</udom></attrdomv></attr></detailed></eainfo><mdDateSt Sync="TRUE">20120217</mdDateSt></metadata>
