<?xml version="1.0" encoding="UTF-8"?>
<metadata xml:lang="en"><Esri><CreaDate>20121108</CreaDate><CreaTime>13533900</CreaTime><ArcGISFormat>1.0</ArcGISFormat><SyncOnce>FALSE</SyncOnce><DataProperties><itemProps><itemName Sync="TRUE">ECPL</itemName><imsContentType Sync="TRUE">002</imsContentType><itemLocation><linkage Sync="TRUE">file://\\CITRIX3\X\plant\Weed\Weedmapper\Final_Weed_Layer.gdb</linkage><protocol Sync="TRUE">Local Area Network</protocol></itemLocation></itemProps><coordRef><type Sync="TRUE">Projected</type><geogcsn Sync="TRUE">GCS_North_American_1983</geogcsn><projcsn Sync="TRUE">NAD_1983_Oregon_Statewide_Lambert_Feet_Intl</projcsn><peXml Sync="TRUE">&lt;ProjectedCoordinateSystem xsi:type='typens:ProjectedCoordinateSystem' xmlns:xsi='http://www.w3.org/2001/XMLSchema-instance' xmlns:xs='http://www.w3.org/2001/XMLSchema' xmlns:typens='http://www.esri.com/schemas/ArcGIS/10.0'&gt;&lt;WKT&gt;PROJCS[&amp;quot;NAD_1983_Oregon_Statewide_Lambert_Feet_Intl&amp;quot;,GEOGCS[&amp;quot;GCS_North_American_1983&amp;quot;,DATUM[&amp;quot;D_North_American_1983&amp;quot;,SPHEROID[&amp;quot;GRS_1980&amp;quot;,6378137.0,298.257222101]],PRIMEM[&amp;quot;Greenwich&amp;quot;,0.0],UNIT[&amp;quot;Degree&amp;quot;,0.0174532925199433]],PROJECTION[&amp;quot;Lambert_Conformal_Conic&amp;quot;],PARAMETER[&amp;quot;False_Easting&amp;quot;,1312335.958005249],PARAMETER[&amp;quot;False_Northing&amp;quot;,0.0],PARAMETER[&amp;quot;Central_Meridian&amp;quot;,-120.5],PARAMETER[&amp;quot;Standard_Parallel_1&amp;quot;,43.0],PARAMETER[&amp;quot;Standard_Parallel_2&amp;quot;,45.5],PARAMETER[&amp;quot;Latitude_Of_Origin&amp;quot;,41.75],UNIT[&amp;quot;Foot&amp;quot;,0.3048],AUTHORITY[&amp;quot;EPSG&amp;quot;,2992]]&lt;/WKT&gt;&lt;XOrigin&gt;-118489100&lt;/XOrigin&gt;&lt;YOrigin&gt;-97381100&lt;/YOrigin&gt;&lt;XYScale&gt;3048&lt;/XYScale&gt;&lt;ZOrigin&gt;-100000&lt;/ZOrigin&gt;&lt;ZScale&gt;10000&lt;/ZScale&gt;&lt;MOrigin&gt;-100000&lt;/MOrigin&gt;&lt;MScale&gt;10000&lt;/MScale&gt;&lt;XYTolerance&gt;0.0032808398950131233&lt;/XYTolerance&gt;&lt;ZTolerance&gt;0.001&lt;/ZTolerance&gt;&lt;MTolerance&gt;0.001&lt;/MTolerance&gt;&lt;HighPrecision&gt;true&lt;/HighPrecision&gt;&lt;WKID&gt;2992&lt;/WKID&gt;&lt;/ProjectedCoordinateSystem&gt;</peXml></coordRef><lineage><Process Name="Merge" ToolSource="C:\Program Files\ArcGIS\Desktop10.0\ArcToolbox\Toolboxes\Data Management Tools.tbx\Merge" Date="20120305" Time="133424">Merge X:\plant\Weed\Weedmapper\geolib\Weedmapper.gdb\MasterWeedFeatureClass;'X:\plant\apark\2010 ALL data\2010 Data\ECPL\ecpl_oda_05.shp' X:\plant\Weed\Weedmapper\WeedMapper_New_Output.gdb\ecpl_m1_oda05 "Provider_Name "Provider Name" true true false 50 Text 0 0 ,First,#,X:\plant\Weed\Weedmapper\geolib\Weedmapper.gdb\MasterWeedFeatureClass,Provider_Name,-1,-1;Provider_Address "Provider Address" true true false 50 Text 0 0 ,First,#,X:\plant\Weed\Weedmapper\geolib\Weedmapper.gdb\MasterWeedFeatureClass,Provider_Address,-1,-1;Provider_Email "Provider Email" true true false 50 Text 0 0 ,First,#,X:\plant\Weed\Weedmapper\geolib\Weedmapper.gdb\MasterWeedFeatureClass,Provider_Email,-1,-1;Provider_Phone "Provider Phone" true true false 12 Text 0 0 ,First,#,X:\plant\Weed\Weedmapper\geolib\Weedmapper.gdb\MasterWeedFeatureClass,Provider_Phone,-1,-1;Date_Submitted "Date Submitted" true true false 8 Text 0 0 ,First,#,X:\plant\Weed\Weedmapper\geolib\Weedmapper.gdb\MasterWeedFeatureClass,Date_Submitted,-1,-1;Genus_Species "Genus Species" true true false 50 Text 0 0 ,First,#,X:\plant\Weed\Weedmapper\geolib\Weedmapper.gdb\MasterWeedFeatureClass,Genus_Species,-1,-1;Common_Name "Common Name" true true false 50 Text 0 0 ,First,#,X:\plant\Weed\Weedmapper\geolib\Weedmapper.gdb\MasterWeedFeatureClass,Common_Name,-1,-1;Taxonomic_Species_Number "Taxonomic Species Number" true true false 4 Long 0 0 ,First,#,X:\plant\Weed\Weedmapper\geolib\Weedmapper.gdb\MasterWeedFeatureClass,Taxonomic_Species_Number,-1,-1;USDA_Code "USDA Code" true true false 10 Text 0 0 ,First,#,X:\plant\Weed\Weedmapper\geolib\Weedmapper.gdb\MasterWeedFeatureClass,USDA_Code,-1,-1;Datum "Datum" true true false 15 Text 0 0 ,First,#,X:\plant\Weed\Weedmapper\geolib\Weedmapper.gdb\MasterWeedFeatureClass,Datum,-1,-1;Latitude_Degree "Latitude_Degree" true true false 8 Double 0 0 ,First,#,X:\plant\Weed\Weedmapper\geolib\Weedmapper.gdb\MasterWeedFeatureClass,Latitude_Degree,-1,-1;Latitude_Minute "Latitude_Minute" true true false 8 Double 0 0 ,First,#,X:\plant\Weed\Weedmapper\geolib\Weedmapper.gdb\MasterWeedFeatureClass,Latitude_Minute,-1,-1;Latitude_Second "Latitude_Second" true true false 8 Double 0 0 ,First,#,X:\plant\Weed\Weedmapper\geolib\Weedmapper.gdb\MasterWeedFeatureClass,Latitude_Second,-1,-1;Latitude_Decimal_Degree "Latitude_Decimal_Degree" true true false 8 Double 0 0 ,First,#,X:\plant\Weed\Weedmapper\geolib\Weedmapper.gdb\MasterWeedFeatureClass,Latitude_Decimal_Degree,-1,-1;Longitude_Degree "Lonitude_Degree" true true false 8 Double 0 0 ,First,#,X:\plant\Weed\Weedmapper\geolib\Weedmapper.gdb\MasterWeedFeatureClass,Longitude_Degree,-1,-1;Longitude_Minute "Longitude_Minute" true true false 8 Double 0 0 ,First,#,X:\plant\Weed\Weedmapper\geolib\Weedmapper.gdb\MasterWeedFeatureClass,Longitude_Minute,-1,-1;Longitude_Second "Longitude_Second" true true false 8 Double 0 0 ,First,#,X:\plant\Weed\Weedmapper\geolib\Weedmapper.gdb\MasterWeedFeatureClass,Longitude_Second,-1,-1;Longitude_Decimal_Degree "Longitude_Decimal_Degree" true true false 8 Double 0 0 ,First,#,X:\plant\Weed\Weedmapper\geolib\Weedmapper.gdb\MasterWeedFeatureClass,Longitude_Decimal_Degree,-1,-1;Net_Acs "Net Acres" true true false 8 Double 0 0 ,First,#,X:\plant\Weed\Weedmapper\geolib\Weedmapper.gdb\MasterWeedFeatureClass,Net_Acs,-1,-1;Location "Location" true true false 20 Text 0 0 ,First,#,X:\plant\Weed\Weedmapper\geolib\Weedmapper.gdb\MasterWeedFeatureClass,Location,-1,-1;Frequency_Plants "Frequency_Plants" true true false 50 Text 0 0 ,First,#,X:\plant\Weed\Weedmapper\geolib\Weedmapper.gdb\MasterWeedFeatureClass,Frequency_Plants,-1,-1;Treatment "Treatment" true true false 20 Text 0 0 ,First,#,X:\plant\Weed\Weedmapper\geolib\Weedmapper.gdb\MasterWeedFeatureClass,Treatment,-1,-1;Treatment_Date "Treatment_Date" true true false 4 Long 0 0 ,First,#,X:\plant\Weed\Weedmapper\geolib\Weedmapper.gdb\MasterWeedFeatureClass,Treatment_Date,-1,-1;Number_Plants "Number_Plants" true true false 50 Text 0 0 ,First,#,X:\plant\Weed\Weedmapper\geolib\Weedmapper.gdb\MasterWeedFeatureClass,Number_Plants,-1,-1;Date_Found "Date_Found" true true false 50 Text 0 0 ,First,#,X:\plant\Weed\Weedmapper\geolib\Weedmapper.gdb\MasterWeedFeatureClass,Date_Found,-1,-1;Land_Ownership "Land_Ownership" true true false 50 Text 0 0 ,First,#,X:\plant\Weed\Weedmapper\geolib\Weedmapper.gdb\MasterWeedFeatureClass,Land_Ownership,-1,-1;LATITUDE "LATITUDE" true true false 19 Double 11 18 ,First,#,X:\plant\apark\2010 ALL data\2010 Data\ECPL\ecpl_oda_05.shp,LATITUDE,-1,-1;LONGITUDE "LONGITUDE" true true false 19 Double 11 18 ,First,#,X:\plant\apark\2010 ALL data\2010 Data\ECPL\ecpl_oda_05.shp,LONGITUDE,-1,-1;TOWNSHIP "TOWNSHIP" true true false 19 Double 11 18 ,First,#,X:\plant\apark\2010 ALL data\2010 Data\ECPL\ecpl_oda_05.shp,TOWNSHIP,-1,-1;RANGE "RANGE" true true false 254 Text 0 0 ,First,#,X:\plant\apark\2010 ALL data\2010 Data\ECPL\ecpl_oda_05.shp,RANGE,-1,-1;SECTION "SECTION" true true false 10 Double 0 10 ,First,#,X:\plant\apark\2010 ALL data\2010 Data\ECPL\ecpl_oda_05.shp,SECTION,-1,-1;WEED "WEED" true true false 254 Text 0 0 ,First,#,X:\plant\apark\2010 ALL data\2010 Data\ECPL\ecpl_oda_05.shp,WEED,-1,-1;DATE_ "DATE_" true true false 254 Text 0 0 ,First,#,X:\plant\apark\2010 ALL data\2010 Data\ECPL\ecpl_oda_05.shp,DATE_,-1,-1;REPORTER "REPORTER" true true false 254 Text 0 0 ,First,#,X:\plant\apark\2010 ALL data\2010 Data\ECPL\ecpl_oda_05.shp,REPORTER,-1,-1;NET_ACRES "NET_ACRES" true true false 19 Double 11 18 ,First,#,X:\plant\apark\2010 ALL data\2010 Data\ECPL\ecpl_oda_05.shp,NET_ACRES,-1,-1"</Process><Process Name="Calculate Field: Provider Name" ToolSource="C:\Program Files\ArcGIS\Desktop10.0\ArcToolbox\Toolboxes\Data Management Tools.tbx\CalculateField" Date="20120305" Time="133426">CalculateField X:\plant\Weed\Weedmapper\WeedMapper_New_Output.gdb\ecpl_m1_oda05 Provider_Name "Oregon Department of Agriculture" VB #</Process><Process Name="Calculate Field: Provider Address" ToolSource="C:\Program Files\ArcGIS\Desktop10.0\ArcToolbox\Toolboxes\Data Management Tools.tbx\CalculateField" Date="20120305" Time="133427">CalculateField X:\plant\Weed\Weedmapper\WeedMapper_New_Output.gdb\ecpl_m1_oda05 Provider_Address "635 Capitol Street NE, Salem, OR, 97301" VB #</Process><Process Name="Calculate Field: Email for Provider" ToolSource="C:\Program Files\ArcGIS\Desktop10.0\ArcToolbox\Toolboxes\Data Management Tools.tbx\CalculateField" Date="20120305" Time="133428">CalculateField X:\plant\Weed\Weedmapper\WeedMapper_New_Output.gdb\ecpl_m1_oda05 Provider_Email "sbrubaker@oda.state.or.us" VB #</Process><Process Name="Calculate Field: Phone Number" ToolSource="C:\Program Files\ArcGIS\Desktop10.0\ArcToolbox\Toolboxes\Data Management Tools.tbx\CalculateField" Date="20120305" Time="133430">CalculateField X:\plant\Weed\Weedmapper\WeedMapper_New_Output.gdb\ecpl_m1_oda05 Provider_Phone "503-986-4622" VB #</Process><Process Name="Calculate Field: Date Found" ToolSource="C:\Program Files\ArcGIS\Desktop10.0\ArcToolbox\Toolboxes\Data Management Tools.tbx\CalculateField" Date="20120305" Time="133431">CalculateField X:\plant\Weed\Weedmapper\WeedMapper_New_Output.gdb\ecpl_m1_oda05 Date_Found "" VB #</Process><Process Name="Calculate Field:Date Submitted" ToolSource="C:\Program Files\ArcGIS\Desktop10.0\ArcToolbox\Toolboxes\Data Management Tools.tbx\CalculateField" Date="20120305" Time="133432">CalculateField X:\plant\Weed\Weedmapper\WeedMapper_New_Output.gdb\ecpl_m1_oda05 Date_Submitted 2005 VB #</Process><Process Name="Calculate Field: Genus_Species" ToolSource="C:\Program Files\ArcGIS\Desktop10.0\ArcToolbox\Toolboxes\Data Management Tools.tbx\CalculateField" Date="20120305" Time="133433">CalculateField X:\plant\Weed\Weedmapper\WeedMapper_New_Output.gdb\ecpl_m1_oda05 Genus_Species "" VB #</Process><Process Name="Calculate Field: Common Name" ToolSource="C:\Program Files\ArcGIS\Desktop10.0\ArcToolbox\Toolboxes\Data Management Tools.tbx\CalculateField" Date="20120305" Time="133434">CalculateField X:\plant\Weed\Weedmapper\WeedMapper_New_Output.gdb\ecpl_m1_oda05 Common_Name "Common Name" VB #</Process><Process Name="Calculate Field: Taxomonic_Species_Number" ToolSource="C:\Program Files\ArcGIS\Desktop10.0\ArcToolbox\Toolboxes\Data Management Tools.tbx\CalculateField" Date="20120305" Time="133436">CalculateField X:\plant\Weed\Weedmapper\WeedMapper_New_Output.gdb\ecpl_m1_oda05 Taxonomic_Species_Number 0000 VB #</Process><Process Name="Calculate Field: USDA_Code" ToolSource="C:\Program Files\ArcGIS\Desktop10.0\ArcToolbox\Toolboxes\Data Management Tools.tbx\CalculateField" Date="20120305" Time="133437">CalculateField X:\plant\Weed\Weedmapper\WeedMapper_New_Output.gdb\ecpl_m1_oda05 USDA_Code "" VB #</Process><Process Name="Calculate Field: Land Ownership" ToolSource="C:\Program Files\ArcGIS\Desktop10.0\ArcToolbox\Toolboxes\Data Management Tools.tbx\CalculateField" Date="20120305" Time="133438">CalculateField X:\plant\Weed\Weedmapper\WeedMapper_New_Output.gdb\ecpl_m1_oda05 Land_Ownership "" VB #</Process><Process Name="Calculate Field: Number_Plants" ToolSource="C:\Program Files\ArcGIS\Desktop10.0\ArcToolbox\Toolboxes\Data Management Tools.tbx\CalculateField" Date="20120305" Time="133439">CalculateField X:\plant\Weed\Weedmapper\WeedMapper_New_Output.gdb\ecpl_m1_oda05 Number_Plants "" VB #</Process><Process Name="Calculate Field: Net_acres" ToolSource="C:\Program Files\ArcGIS\Desktop10.0\ArcToolbox\Toolboxes\Data Management Tools.tbx\CalculateField" Date="20120305" Time="133440">CalculateField X:\plant\Weed\Weedmapper\WeedMapper_New_Output.gdb\ecpl_m1_oda05 Net_Acs [net_acres] VB #</Process><Process Name="Delete Field (2)" ToolSource="C:\Program Files\ArcGIS\Desktop10.0\ArcToolbox\Toolboxes\Data Management Tools.tbx\DeleteField" Date="20120305" Time="133443">DeleteField X:\plant\Weed\Weedmapper\WeedMapper_New_Output.gdb\ecpl_m1_oda05 COMMENT;Name;E_mail;Phone;Address;Date_;Weed;Num_plants;acres;Latitude_o;Longitude_;Latititude;Longitude1;Projection;Township;Range;Section;Quarter;Associated;Location_d;Stage;Frequency;Action;Ownership;Comments;LATITUDE;LONGITUDE;T;R;S;REPORTER;GROSS_ACRE;NET_ACRES;DATE2;MachineID;AbsoluteIn;Elevation;Coordinate;Time;NumOfPts;UserName;Organizati;ProjectNam;Email;WeedSpecie;PlantQtyUn;PlantQtyAm;RelativeFr;ActionTake;Lat;Long;Species;Date_treat;Agency;AGENT;RELEASE_DA;SITE_NAME;RECORD_SEQ;TRS;YSTAR_LAMB;YSTAR_LA_1;BLMWEED_;BLMWEED_ID;SUBJ_WEED;DIST_CD;SPEC_CD;PRECISION;REV_YR;DISC_YR;SQ_FEET;COVER;TWN_NAME;SECT;COMMON_NAM;COUNTY_N;SPECCODE;LAYER;ATTR_1;ATTR_2;ATTR_3;ATTR_4;ATTR_5;ATTR_8;ATTR_9;ATTR_10;CALC_DATE;ATTR_6;ATTR_7;LATITUDE_;Notes_1;Notes_2;notes;UTMX;UTMY;BRSYID;utmxcent;utmycent;ORIGINAL_I;DATA_SOURC;YEAR;PLACENAME;SEC1;SEC2;SEC3;SEC4;SECTIONNOT;ZONE_DATUM;ELEVATION_;SLOPE_;ASPECTDEGR;ASPECTCLAS;COUNTY;COLLECTOR;DIRECTIONS;PLANT_ASSO;ABUNDANCE_;ABUNDANCE0;YEAR_OF_SE;NEWID;ABUNDANCE1;LINKCODE;MAP_ACCU;WOKEY;TREATMENT_;GPS_ACCURA;Y_PROJ;X_PROJ;TYPE;IDENT;DISPLAY;SYMBOL;UNUSED1;DIST;PROX_INDEX;COLOR;ALTITUDE;DEPTH;WPT_CLASS;SUB_CLASS;ATTRIB;LINK;STATE;COUNTRY;CITY;FACILITY;CROSSROAD;UNUSED;ETE;DTYPE;MODEL;FILENAME;ID;X;Y;SITE;AREA_SQ_FT;LABEL;Weed_Name;LAT_ORIG;LONG_ORIG;WILD;PLANTED;SIZE;TREAT;DIRECTION;N11;KF;UTM_AST;UTM_ORTH;SOURCE;no_plants;on_map;acres2;EAST;NORTH</Process><Process ToolSource="C:\Program Files\ArcGIS\Desktop10.0\ArcToolbox\Toolboxes\Data Management Tools.tbx\Merge" Date="20120305" Time="134114">Merge X:\plant\Weed\Weedmapper\WeedMapper_New_Output.gdb\ecpl_m1_oda05;X:\plant\Weed\Weedmapper\WeedMapper_New_Output.gdb\ecpl_m2_oda06;X:\plant\Weed\Weedmapper\WeedMapper_New_Output.gdb\ecpl_m3_oda07;X:\plant\Weed\Weedmapper\WeedMapper_New_Output.gdb\ecpl_m4_oda07 X:\plant\Weed\Weedmapper\Final_Weed_Layer.gdb\ECPL "Provider_Name "Provider Name" true true false 50 Text 0 0 ,First,#,X:\plant\Weed\Weedmapper\WeedMapper_New_Output.gdb\ecpl_m1_oda05,Provider_Name,-1,-1,X:\plant\Weed\Weedmapper\WeedMapper_New_Output.gdb\ecpl_m2_oda06,Provider_Name,-1,-1,X:\plant\Weed\Weedmapper\WeedMapper_New_Output.gdb\ecpl_m3_oda07,Provider_Name,-1,-1,X:\plant\Weed\Weedmapper\WeedMapper_New_Output.gdb\ecpl_m4_oda07,Provider_Name,-1,-1;Provider_Address "Provider Address" true true false 50 Text 0 0 ,First,#,X:\plant\Weed\Weedmapper\WeedMapper_New_Output.gdb\ecpl_m1_oda05,Provider_Address,-1,-1,X:\plant\Weed\Weedmapper\WeedMapper_New_Output.gdb\ecpl_m2_oda06,Provider_Address,-1,-1,X:\plant\Weed\Weedmapper\WeedMapper_New_Output.gdb\ecpl_m3_oda07,Provider_Address,-1,-1,X:\plant\Weed\Weedmapper\WeedMapper_New_Output.gdb\ecpl_m4_oda07,Provider_Address,-1,-1;Provider_Email "Provider Email" true true false 50 Text 0 0 ,First,#,X:\plant\Weed\Weedmapper\WeedMapper_New_Output.gdb\ecpl_m1_oda05,Provider_Email,-1,-1,X:\plant\Weed\Weedmapper\WeedMapper_New_Output.gdb\ecpl_m2_oda06,Provider_Email,-1,-1,X:\plant\Weed\Weedmapper\WeedMapper_New_Output.gdb\ecpl_m3_oda07,Provider_Email,-1,-1,X:\plant\Weed\Weedmapper\WeedMapper_New_Output.gdb\ecpl_m4_oda07,Provider_Email,-1,-1;Provider_Phone "Provider Phone" true true false 12 Text 0 0 ,First,#,X:\plant\Weed\Weedmapper\WeedMapper_New_Output.gdb\ecpl_m1_oda05,Provider_Phone,-1,-1,X:\plant\Weed\Weedmapper\WeedMapper_New_Output.gdb\ecpl_m2_oda06,Provider_Phone,-1,-1,X:\plant\Weed\Weedmapper\WeedMapper_New_Output.gdb\ecpl_m3_oda07,Provider_Phone,-1,-1,X:\plant\Weed\Weedmapper\WeedMapper_New_Output.gdb\ecpl_m4_oda07,Provider_Phone,-1,-1;Date_Submitted "Date Submitted" true true false 8 Text 0 0 ,First,#,X:\plant\Weed\Weedmapper\WeedMapper_New_Output.gdb\ecpl_m1_oda05,Date_Submitted,-1,-1,X:\plant\Weed\Weedmapper\WeedMapper_New_Output.gdb\ecpl_m2_oda06,Date_Submitted,-1,-1,X:\plant\Weed\Weedmapper\WeedMapper_New_Output.gdb\ecpl_m3_oda07,Date_Submitted,-1,-1,X:\plant\Weed\Weedmapper\WeedMapper_New_Output.gdb\ecpl_m4_oda07,Date_Submitted,-1,-1;Genus_Species "Genus Species" true true false 50 Text 0 0 ,First,#,X:\plant\Weed\Weedmapper\WeedMapper_New_Output.gdb\ecpl_m1_oda05,Genus_Species,-1,-1,X:\plant\Weed\Weedmapper\WeedMapper_New_Output.gdb\ecpl_m2_oda06,Genus_Species,-1,-1,X:\plant\Weed\Weedmapper\WeedMapper_New_Output.gdb\ecpl_m3_oda07,Genus_Species,-1,-1,X:\plant\Weed\Weedmapper\WeedMapper_New_Output.gdb\ecpl_m4_oda07,Genus_Species,-1,-1;Common_Name "Common Name" true true false 50 Text 0 0 ,First,#,X:\plant\Weed\Weedmapper\WeedMapper_New_Output.gdb\ecpl_m1_oda05,Common_Name,-1,-1,X:\plant\Weed\Weedmapper\WeedMapper_New_Output.gdb\ecpl_m2_oda06,Common_Name,-1,-1,X:\plant\Weed\Weedmapper\WeedMapper_New_Output.gdb\ecpl_m3_oda07,Common_Name,-1,-1,X:\plant\Weed\Weedmapper\WeedMapper_New_Output.gdb\ecpl_m4_oda07,Common_Name,-1,-1;Taxonomic_Species_Number "Taxonomic Species Number" true true false 4 Long 0 0 ,First,#,X:\plant\Weed\Weedmapper\WeedMapper_New_Output.gdb\ecpl_m1_oda05,Taxonomic_Species_Number,-1,-1,X:\plant\Weed\Weedmapper\WeedMapper_New_Output.gdb\ecpl_m2_oda06,Taxonomic_Species_Number,-1,-1,X:\plant\Weed\Weedmapper\WeedMapper_New_Output.gdb\ecpl_m3_oda07,Taxonomic_Species_Number,-1,-1,X:\plant\Weed\Weedmapper\WeedMapper_New_Output.gdb\ecpl_m4_oda07,Taxonomic_Species_Number,-1,-1;USDA_Code "USDA Code" true true false 10 Text 0 0 ,First,#,X:\plant\Weed\Weedmapper\WeedMapper_New_Output.gdb\ecpl_m1_oda05,USDA_Code,-1,-1,X:\plant\Weed\Weedmapper\WeedMapper_New_Output.gdb\ecpl_m2_oda06,USDA_Code,-1,-1,X:\plant\Weed\Weedmapper\WeedMapper_New_Output.gdb\ecpl_m3_oda07,USDA_Code,-1,-1,X:\plant\Weed\Weedmapper\WeedMapper_New_Output.gdb\ecpl_m4_oda07,USDA_Code,-1,-1;Datum "Datum" true true false 15 Text 0 0 ,First,#,X:\plant\Weed\Weedmapper\WeedMapper_New_Output.gdb\ecpl_m1_oda05,Datum,-1,-1,X:\plant\Weed\Weedmapper\WeedMapper_New_Output.gdb\ecpl_m2_oda06,Datum,-1,-1,X:\plant\Weed\Weedmapper\WeedMapper_New_Output.gdb\ecpl_m3_oda07,Datum,-1,-1,X:\plant\Weed\Weedmapper\WeedMapper_New_Output.gdb\ecpl_m4_oda07,Datum,-1,-1;Latitude_Degree "Latitude_Degree" true true false 8 Double 0 0 ,First,#,X:\plant\Weed\Weedmapper\WeedMapper_New_Output.gdb\ecpl_m1_oda05,Latitude_Degree,-1,-1,X:\plant\Weed\Weedmapper\WeedMapper_New_Output.gdb\ecpl_m2_oda06,Latitude_Degree,-1,-1,X:\plant\Weed\Weedmapper\WeedMapper_New_Output.gdb\ecpl_m3_oda07,Latitude_Degree,-1,-1,X:\plant\Weed\Weedmapper\WeedMapper_New_Output.gdb\ecpl_m4_oda07,Latitude_Degree,-1,-1;Latitude_Minute "Latitude_Minute" true true false 8 Double 0 0 ,First,#,X:\plant\Weed\Weedmapper\WeedMapper_New_Output.gdb\ecpl_m1_oda05,Latitude_Minute,-1,-1,X:\plant\Weed\Weedmapper\WeedMapper_New_Output.gdb\ecpl_m2_oda06,Latitude_Minute,-1,-1,X:\plant\Weed\Weedmapper\WeedMapper_New_Output.gdb\ecpl_m3_oda07,Latitude_Minute,-1,-1,X:\plant\Weed\Weedmapper\WeedMapper_New_Output.gdb\ecpl_m4_oda07,Latitude_Minute,-1,-1;Latitude_Second "Latitude_Second" true true false 8 Double 0 0 ,First,#,X:\plant\Weed\Weedmapper\WeedMapper_New_Output.gdb\ecpl_m1_oda05,Latitude_Second,-1,-1,X:\plant\Weed\Weedmapper\WeedMapper_New_Output.gdb\ecpl_m2_oda06,Latitude_Second,-1,-1,X:\plant\Weed\Weedmapper\WeedMapper_New_Output.gdb\ecpl_m3_oda07,Latitude_Second,-1,-1,X:\plant\Weed\Weedmapper\WeedMapper_New_Output.gdb\ecpl_m4_oda07,Latitude_Second,-1,-1;Latitude_Decimal_Degree "Latitude_Decimal_Degree" true true false 8 Double 0 0 ,First,#,X:\plant\Weed\Weedmapper\WeedMapper_New_Output.gdb\ecpl_m1_oda05,Latitude_Decimal_Degree,-1,-1,X:\plant\Weed\Weedmapper\WeedMapper_New_Output.gdb\ecpl_m2_oda06,Latitude_Decimal_Degree,-1,-1,X:\plant\Weed\Weedmapper\WeedMapper_New_Output.gdb\ecpl_m3_oda07,Latitude_Decimal_Degree,-1,-1,X:\plant\Weed\Weedmapper\WeedMapper_New_Output.gdb\ecpl_m4_oda07,Latitude_Decimal_Degree,-1,-1;Longitude_Degree "Lonitude_Degree" true true false 8 Double 0 0 ,First,#,X:\plant\Weed\Weedmapper\WeedMapper_New_Output.gdb\ecpl_m1_oda05,Longitude_Degree,-1,-1,X:\plant\Weed\Weedmapper\WeedMapper_New_Output.gdb\ecpl_m2_oda06,Longitude_Degree,-1,-1,X:\plant\Weed\Weedmapper\WeedMapper_New_Output.gdb\ecpl_m3_oda07,Longitude_Degree,-1,-1,X:\plant\Weed\Weedmapper\WeedMapper_New_Output.gdb\ecpl_m4_oda07,Longitude_Degree,-1,-1;Longitude_Minute "Longitude_Minute" true true false 8 Double 0 0 ,First,#,X:\plant\Weed\Weedmapper\WeedMapper_New_Output.gdb\ecpl_m1_oda05,Longitude_Minute,-1,-1,X:\plant\Weed\Weedmapper\WeedMapper_New_Output.gdb\ecpl_m2_oda06,Longitude_Minute,-1,-1,X:\plant\Weed\Weedmapper\WeedMapper_New_Output.gdb\ecpl_m3_oda07,Longitude_Minute,-1,-1,X:\plant\Weed\Weedmapper\WeedMapper_New_Output.gdb\ecpl_m4_oda07,Longitude_Minute,-1,-1;Longitude_Second "Longitude_Second" true true false 8 Double 0 0 ,First,#,X:\plant\Weed\Weedmapper\WeedMapper_New_Output.gdb\ecpl_m1_oda05,Longitude_Second,-1,-1,X:\plant\Weed\Weedmapper\WeedMapper_New_Output.gdb\ecpl_m2_oda06,Longitude_Second,-1,-1,X:\plant\Weed\Weedmapper\WeedMapper_New_Output.gdb\ecpl_m3_oda07,Longitude_Second,-1,-1,X:\plant\Weed\Weedmapper\WeedMapper_New_Output.gdb\ecpl_m4_oda07,Longitude_Second,-1,-1;Longitude_Decimal_Degree "Longitude_Decimal_Degree" true true false 8 Double 0 0 ,First,#,X:\plant\Weed\Weedmapper\WeedMapper_New_Output.gdb\ecpl_m1_oda05,Longitude_Decimal_Degree,-1,-1,X:\plant\Weed\Weedmapper\WeedMapper_New_Output.gdb\ecpl_m2_oda06,Longitude_Decimal_Degree,-1,-1,X:\plant\Weed\Weedmapper\WeedMapper_New_Output.gdb\ecpl_m3_oda07,Longitude_Decimal_Degree,-1,-1,X:\plant\Weed\Weedmapper\WeedMapper_New_Output.gdb\ecpl_m4_oda07,Longitude_Decimal_Degree,-1,-1;Net_Acs "Net Acres" true true false 8 Double 0 0 ,First,#,X:\plant\Weed\Weedmapper\WeedMapper_New_Output.gdb\ecpl_m1_oda05,Net_Acs,-1,-1,X:\plant\Weed\Weedmapper\WeedMapper_New_Output.gdb\ecpl_m2_oda06,Net_Acs,-1,-1,X:\plant\Weed\Weedmapper\WeedMapper_New_Output.gdb\ecpl_m3_oda07,Net_Acs,-1,-1,X:\plant\Weed\Weedmapper\WeedMapper_New_Output.gdb\ecpl_m4_oda07,Net_Acs,-1,-1;Location "Location" true true false 20 Text 0 0 ,First,#,X:\plant\Weed\Weedmapper\WeedMapper_New_Output.gdb\ecpl_m1_oda05,Location,-1,-1,X:\plant\Weed\Weedmapper\WeedMapper_New_Output.gdb\ecpl_m2_oda06,Location,-1,-1,X:\plant\Weed\Weedmapper\WeedMapper_New_Output.gdb\ecpl_m3_oda07,Location,-1,-1,X:\plant\Weed\Weedmapper\WeedMapper_New_Output.gdb\ecpl_m4_oda07,Location,-1,-1;Frequency_Plants "Frequency_Plants" true true false 50 Text 0 0 ,First,#,X:\plant\Weed\Weedmapper\WeedMapper_New_Output.gdb\ecpl_m1_oda05,Frequency_Plants,-1,-1,X:\plant\Weed\Weedmapper\WeedMapper_New_Output.gdb\ecpl_m2_oda06,Frequency_Plants,-1,-1,X:\plant\Weed\Weedmapper\WeedMapper_New_Output.gdb\ecpl_m3_oda07,Frequency_Plants,-1,-1,X:\plant\Weed\Weedmapper\WeedMapper_New_Output.gdb\ecpl_m4_oda07,Frequency_Plants,-1,-1;Treatment "Treatment" true true false 20 Text 0 0 ,First,#,X:\plant\Weed\Weedmapper\WeedMapper_New_Output.gdb\ecpl_m1_oda05,Treatment,-1,-1,X:\plant\Weed\Weedmapper\WeedMapper_New_Output.gdb\ecpl_m2_oda06,Treatment,-1,-1,X:\plant\Weed\Weedmapper\WeedMapper_New_Output.gdb\ecpl_m3_oda07,Treatment,-1,-1,X:\plant\Weed\Weedmapper\WeedMapper_New_Output.gdb\ecpl_m4_oda07,Treatment,-1,-1;Treatment_Date "Treatment_Date" true true false 4 Long 0 0 ,First,#,X:\plant\Weed\Weedmapper\WeedMapper_New_Output.gdb\ecpl_m1_oda05,Treatment_Date,-1,-1,X:\plant\Weed\Weedmapper\WeedMapper_New_Output.gdb\ecpl_m2_oda06,Treatment_Date,-1,-1,X:\plant\Weed\Weedmapper\WeedMapper_New_Output.gdb\ecpl_m3_oda07,Treatment_Date,-1,-1,X:\plant\Weed\Weedmapper\WeedMapper_New_Output.gdb\ecpl_m4_oda07,Treatment_Date,-1,-1;Number_Plants "Number_Plants" true true false 50 Text 0 0 ,First,#,X:\plant\Weed\Weedmapper\WeedMapper_New_Output.gdb\ecpl_m1_oda05,Number_Plants,-1,-1,X:\plant\Weed\Weedmapper\WeedMapper_New_Output.gdb\ecpl_m2_oda06,Number_Plants,-1,-1,X:\plant\Weed\Weedmapper\WeedMapper_New_Output.gdb\ecpl_m3_oda07,Number_Plants,-1,-1,X:\plant\Weed\Weedmapper\WeedMapper_New_Output.gdb\ecpl_m4_oda07,Number_Plants,-1,-1;Date_Found "Date_Found" true true false 50 Text 0 0 ,First,#,X:\plant\Weed\Weedmapper\WeedMapper_New_Output.gdb\ecpl_m1_oda05,Date_Found,-1,-1,X:\plant\Weed\Weedmapper\WeedMapper_New_Output.gdb\ecpl_m2_oda06,Date_Found,-1,-1,X:\plant\Weed\Weedmapper\WeedMapper_New_Output.gdb\ecpl_m3_oda07,Date_Found,-1,-1,X:\plant\Weed\Weedmapper\WeedMapper_New_Output.gdb\ecpl_m4_oda07,Date_Found,-1,-1;Land_Ownership "Land_Ownership" true true false 50 Text 0 0 ,First,#,X:\plant\Weed\Weedmapper\WeedMapper_New_Output.gdb\ecpl_m1_oda05,Land_Ownership,-1,-1,X:\plant\Weed\Weedmapper\WeedMapper_New_Output.gdb\ecpl_m2_oda06,Land_Ownership,-1,-1,X:\plant\Weed\Weedmapper\WeedMapper_New_Output.gdb\ecpl_m3_oda07,Land_Ownership,-1,-1,X:\plant\Weed\Weedmapper\WeedMapper_New_Output.gdb\ecpl_m4_oda07,Land_Ownership,-1,-1"</Process><Process ToolSource="C:\Program Files\ArcGIS\Desktop10.0\ArcToolbox\Toolboxes\Data Management Tools.tbx\CalculateField" Date="20120305" Time="134143">CalculateField ECPL Genus_Species "Echium plantagineum" VB #</Process><Process ToolSource="C:\Program Files\ArcGIS\Desktop10.0\ArcToolbox\Toolboxes\Data Management Tools.tbx\CalculateField" Date="20120305" Time="134158">CalculateField ECPL Common_Name ""Paterson's curse "" VB #</Process><Process ToolSource="C:\Program Files\ArcGIS\Desktop10.0\ArcToolbox\Toolboxes\Data Management Tools.tbx\CalculateField" Date="20120305" Time="134209">CalculateField ECPL Taxonomic_Species_Number 31898 VB #</Process><Process ToolSource="C:\Program Files\ArcGIS\Desktop10.0\ArcToolbox\Toolboxes\Data Management Tools.tbx\CalculateField" Date="20120305" Time="134217">CalculateField ECPL USDA_Code "ECPL" VB #</Process></lineage></DataProperties><SyncDate>20120305</SyncDate><SyncTime>13411000</SyncTime><ModDate>20120305</ModDate><ModTime>13411000</ModTime></Esri><dataIdInfo><envirDesc Sync="TRUE">Microsoft Windows Server 2003 Version 5.2 (Build 3790) Service Pack 2; ESRI ArcGIS 10.0.0.2414</envirDesc><dataLang><languageCode value="en" country="US"></languageCode></dataLang><idCitation><resTitle Sync="TRUE">ECPL</resTitle><presForm><PresFormCd value="005"></PresFormCd></presForm></idCitation><descKeys><thesaName uuidref="723f6998-058e-11dc-8314-0800200c9a66"></thesaName><keyword Sync="TRUE">002</keyword></descKeys><spatRpType><SpatRepTypCd value="001"></SpatRepTypCd></spatRpType></dataIdInfo><mdLang><languageCode value="en"></languageCode></mdLang><distInfo><distFormat><formatName Sync="TRUE">File Geodatabase Feature Class</formatName></distFormat></distInfo><mdHrLv><ScopeCd value="005"></ScopeCd></mdHrLv><mdHrLvName Sync="TRUE">dataset</mdHrLvName><refSysInfo><RefSystem><refSysID><identCode code="2992"></identCode><idCodeSpace Sync="TRUE">EPSG</idCodeSpace><idVersion Sync="TRUE">7.4.1</idVersion></refSysID></RefSystem></refSysInfo><spdoinfo><ptvctinf><esriterm Name="ECPL"><efeatyp Sync="TRUE">Simple</efeatyp><efeageom Sync="TRUE">1</efeageom><esritopo Sync="TRUE">FALSE</esritopo><efeacnt Sync="TRUE">0</efeacnt><spindex Sync="TRUE">TRUE</spindex><linrefer Sync="TRUE">FALSE</linrefer></esriterm></ptvctinf></spdoinfo><spatRepInfo><VectSpatRep><topLvl><TopoLevCd value="001"></TopoLevCd></topLvl><geometObjs><geoObjTyp><GeoObjTypCd value="004"></GeoObjTypCd><geoObjCnt Sync="TRUE">0</geoObjCnt></geoObjTyp></geometObjs></VectSpatRep></spatRepInfo><eainfo><detailed Name="ECPL"><enttyp><enttypl Sync="TRUE">ECPL</enttypl><enttypt Sync="TRUE">Feature Class</enttypt><enttypc Sync="TRUE">0</enttypc></enttyp><attr><attrlabl Sync="TRUE">OBJECTID</attrlabl><attalias Sync="TRUE">OBJECTID</attalias><attrtype Sync="TRUE">OID</attrtype><attwidth Sync="TRUE">4</attwidth><atprecis Sync="TRUE">0</atprecis><attscale Sync="TRUE">0</attscale><attrdef Sync="TRUE">Internal feature number.</attrdef><attrdefs Sync="TRUE">ESRI</attrdefs><attrdomv><udom Sync="TRUE">Sequential unique whole numbers that are automatically generated.</udom></attrdomv></attr><attr><attrlabl Sync="TRUE">Shape</attrlabl><attalias Sync="TRUE">Shape</attalias><attrtype Sync="TRUE">Geometry</attrtype><attwidth Sync="TRUE">0</attwidth><atprecis Sync="TRUE">0</atprecis><attscale Sync="TRUE">0</attscale><attrdef Sync="TRUE">Feature geometry.</attrdef><attrdefs Sync="TRUE">ESRI</attrdefs><attrdomv><udom Sync="TRUE">Coordinates defining the features.</udom></attrdomv></attr><attr><attrlabl Sync="TRUE">Provider_Name</attrlabl><attalias Sync="TRUE">Provider Name</attalias><attrtype Sync="TRUE">String</attrtype><attwidth Sync="TRUE">50</attwidth><atprecis Sync="TRUE">0</atprecis><attscale Sync="TRUE">0</attscale></attr><attr><attrlabl Sync="TRUE">Provider_Address</attrlabl><attalias Sync="TRUE">Provider Address</attalias><attrtype Sync="TRUE">String</attrtype><attwidth Sync="TRUE">50</attwidth><atprecis Sync="TRUE">0</atprecis><attscale Sync="TRUE">0</attscale></attr><attr><attrlabl Sync="TRUE">Provider_Email</attrlabl><attalias Sync="TRUE">Provider Email</attalias><attrtype Sync="TRUE">String</attrtype><attwidth Sync="TRUE">50</attwidth><atprecis Sync="TRUE">0</atprecis><attscale Sync="TRUE">0</attscale></attr><attr><attrlabl Sync="TRUE">Provider_Phone</attrlabl><attalias Sync="TRUE">Provider Phone</attalias><attrtype Sync="TRUE">String</attrtype><attwidth Sync="TRUE">12</attwidth><atprecis Sync="TRUE">0</atprecis><attscale Sync="TRUE">0</attscale></attr><attr><attrlabl Sync="TRUE">Date_Submitted</attrlabl><attalias Sync="TRUE">Date Submitted</attalias><attrtype Sync="TRUE">String</attrtype><attwidth Sync="TRUE">8</attwidth><atprecis Sync="TRUE">0</atprecis><attscale Sync="TRUE">0</attscale></attr><attr><attrlabl Sync="TRUE">Genus_Species</attrlabl><attalias Sync="TRUE">Genus Species</attalias><attrtype Sync="TRUE">String</attrtype><attwidth Sync="TRUE">50</attwidth><atprecis Sync="TRUE">0</atprecis><attscale Sync="TRUE">0</attscale></attr><attr><attrlabl Sync="TRUE">Common_Name</attrlabl><attalias Sync="TRUE">Common Name</attalias><attrtype Sync="TRUE">String</attrtype><attwidth Sync="TRUE">50</attwidth><atprecis Sync="TRUE">0</atprecis><attscale Sync="TRUE">0</attscale></attr><attr><attrlabl Sync="TRUE">Taxonomic_Species_Number</attrlabl><attalias Sync="TRUE">Taxonomic Species Number</attalias><attrtype Sync="TRUE">Integer</attrtype><attwidth Sync="TRUE">4</attwidth><atprecis Sync="TRUE">0</atprecis><attscale Sync="TRUE">0</attscale></attr><attr><attrlabl Sync="TRUE">USDA_Code</attrlabl><attalias Sync="TRUE">USDA Code</attalias><attrtype Sync="TRUE">String</attrtype><attwidth Sync="TRUE">10</attwidth><atprecis Sync="TRUE">0</atprecis><attscale Sync="TRUE">0</attscale></attr><attr><attrlabl Sync="TRUE">Datum</attrlabl><attalias Sync="TRUE">Datum</attalias><attrtype Sync="TRUE">String</attrtype><attwidth Sync="TRUE">15</attwidth><atprecis Sync="TRUE">0</atprecis><attscale Sync="TRUE">0</attscale></attr><attr><attrlabl Sync="TRUE">Latitude_Degree</attrlabl><attalias Sync="TRUE">Latitude_Degree</attalias><attrtype Sync="TRUE">Double</attrtype><attwidth Sync="TRUE">8</attwidth><atprecis Sync="TRUE">0</atprecis><attscale Sync="TRUE">0</attscale></attr><attr><attrlabl Sync="TRUE">Latitude_Minute</attrlabl><attalias Sync="TRUE">Latitude_Minute</attalias><attrtype Sync="TRUE">Double</attrtype><attwidth Sync="TRUE">8</attwidth><atprecis Sync="TRUE">0</atprecis><attscale Sync="TRUE">0</attscale></attr><attr><attrlabl Sync="TRUE">Latitude_Second</attrlabl><attalias Sync="TRUE">Latitude_Second</attalias><attrtype Sync="TRUE">Double</attrtype><attwidth Sync="TRUE">8</attwidth><atprecis Sync="TRUE">0</atprecis><attscale Sync="TRUE">0</attscale></attr><attr><attrlabl Sync="TRUE">Latitude_Decimal_Degree</attrlabl><attalias Sync="TRUE">Latitude_Decimal_Degree</attalias><attrtype Sync="TRUE">Double</attrtype><attwidth Sync="TRUE">8</attwidth><atprecis Sync="TRUE">0</atprecis><attscale Sync="TRUE">0</attscale></attr><attr><attrlabl Sync="TRUE">Longitude_Degree</attrlabl><attalias Sync="TRUE">Lonitude_Degree</attalias><attrtype Sync="TRUE">Double</attrtype><attwidth Sync="TRUE">8</attwidth><atprecis Sync="TRUE">0</atprecis><attscale Sync="TRUE">0</attscale></attr><attr><attrlabl Sync="TRUE">Longitude_Minute</attrlabl><attalias Sync="TRUE">Longitude_Minute</attalias><attrtype Sync="TRUE">Double</attrtype><attwidth Sync="TRUE">8</attwidth><atprecis Sync="TRUE">0</atprecis><attscale Sync="TRUE">0</attscale></attr><attr><attrlabl Sync="TRUE">Longitude_Second</attrlabl><attalias Sync="TRUE">Longitude_Second</attalias><attrtype Sync="TRUE">Double</attrtype><attwidth Sync="TRUE">8</attwidth><atprecis Sync="TRUE">0</atprecis><attscale Sync="TRUE">0</attscale></attr><attr><attrlabl Sync="TRUE">Longitude_Decimal_Degree</attrlabl><attalias Sync="TRUE">Longitude_Decimal_Degree</attalias><attrtype Sync="TRUE">Double</attrtype><attwidth Sync="TRUE">8</attwidth><atprecis Sync="TRUE">0</atprecis><attscale Sync="TRUE">0</attscale></attr><attr><attrlabl Sync="TRUE">Net_Acs</attrlabl><attalias Sync="TRUE">Net Acres</attalias><attrtype Sync="TRUE">Double</attrtype><attwidth Sync="TRUE">8</attwidth><atprecis Sync="TRUE">0</atprecis><attscale Sync="TRUE">0</attscale></attr><attr><attrlabl Sync="TRUE">Location</attrlabl><attalias Sync="TRUE">Location</attalias><attrtype Sync="TRUE">String</attrtype><attwidth Sync="TRUE">20</attwidth><atprecis Sync="TRUE">0</atprecis><attscale Sync="TRUE">0</attscale></attr><attr><attrlabl Sync="TRUE">Frequency_Plants</attrlabl><attalias Sync="TRUE">Frequency_Plants</attalias><attrtype Sync="TRUE">String</attrtype><attwidth Sync="TRUE">50</attwidth><atprecis Sync="TRUE">0</atprecis><attscale Sync="TRUE">0</attscale></attr><attr><attrlabl Sync="TRUE">Treatment</attrlabl><attalias Sync="TRUE">Treatment</attalias><attrtype Sync="TRUE">String</attrtype><attwidth Sync="TRUE">20</attwidth><atprecis Sync="TRUE">0</atprecis><attscale Sync="TRUE">0</attscale></attr><attr><attrlabl Sync="TRUE">Treatment_Date</attrlabl><attalias Sync="TRUE">Treatment_Date</attalias><attrtype Sync="TRUE">Integer</attrtype><attwidth Sync="TRUE">4</attwidth><atprecis Sync="TRUE">0</atprecis><attscale Sync="TRUE">0</attscale></attr><attr><attrlabl Sync="TRUE">Number_Plants</attrlabl><attalias Sync="TRUE">Number_Plants</attalias><attrtype Sync="TRUE">String</attrtype><attwidth Sync="TRUE">50</attwidth><atprecis Sync="TRUE">0</atprecis><attscale Sync="TRUE">0</attscale></attr><attr><attrlabl Sync="TRUE">Date_Found</attrlabl><attalias Sync="TRUE">Date_Found</attalias><attrtype Sync="TRUE">String</attrtype><attwidth Sync="TRUE">50</attwidth><atprecis Sync="TRUE">0</atprecis><attscale Sync="TRUE">0</attscale></attr><attr><attrlabl Sync="TRUE">Land_Ownership</attrlabl><attalias Sync="TRUE">Land_Ownership</attalias><attrtype Sync="TRUE">String</attrtype><attwidth Sync="TRUE">50</attwidth><atprecis Sync="TRUE">0</atprecis><attscale Sync="TRUE">0</attscale></attr></detailed></eainfo><mdDateSt Sync="TRUE">20120305</mdDateSt></metadata>
