<?xml version="1.0" encoding="UTF-8"?>
<metadata xml:lang="en"><Esri><CreaDate>20121107</CreaDate><CreaTime>12412000</CreaTime><ArcGISFormat>1.0</ArcGISFormat><SyncOnce>TRUE</SyncOnce><DataProperties><lineage><Process ToolSource="c:\program files (x86)\arcgis\desktop10.1\ArcToolbox\Toolboxes\Data Management Tools.tbx\CalculateField" Date="20121107" Time="120729">CalculateField Restoration_Reach Name "N. and S. Scappoose Creek Confluence Restoration" VB #</Process><Process ToolSource="c:\program files (x86)\arcgis\desktop10.1\ArcToolbox\Toolboxes\Data Management Tools.tbx\CalculateField" Date="20121107" Time="120750">CalculateField Restoration_Reach OWEB_GrantNo "211-3028-8202" VB #</Process><Process ToolSource="c:\program files (x86)\arcgis\desktop10.1\ArcToolbox\Toolboxes\Data Management Tools.tbx\CalculateField" Date="20121107" Time="120837">CalculateField Restoration_Reach Activity "Floodplain enhancement and side channel reconnection with LWD and plantings" VB #</Process><Process ToolSource="c:\program files (x86)\arcgis\desktop10.1\ArcToolbox\Toolboxes\Data Management Tools.tbx\CalculateField" Date="20121107" Time="120900">CalculateField Restoration_Reach Treatment "Floodplain enhancement and side channel reconnection" VB #</Process><Process ToolSource="c:\program files (x86)\arcgis\desktop10.1\ArcToolbox\Toolboxes\Data Management Tools.tbx\CalculateField" Date="20121107" Time="122718">CalculateField Restoration_Reach Activity "Instream Restoration" VB #</Process><Process ToolSource="c:\program files (x86)\arcgis\desktop10.1\ArcToolbox\Toolboxes\Data Management Tools.tbx\CalculateField" Date="20121107" Time="122811">CalculateField Restoration_Reach Treatment "Off-channel habitat reconnection; Large Wood; Bank Stabilization" VB #</Process><Process ToolSource="c:\program files (x86)\arcgis\desktop10.1\ArcToolbox\Toolboxes\Data Management Tools.tbx\CalculateField" Date="20121107" Time="122856">CalculateField Restoration_Reach Treatment "Off-channel habitat reconnection; Large Wood Placement; Bank Stabilization" VB #</Process><Process ToolSource="c:\program files (x86)\arcgis\desktop10.1\ArcToolbox\Toolboxes\Data Management Tools.tbx\CalculateField" Date="20121107" Time="123458">CalculateField Riparian_Restoration OWEB_GrantNo "211-3028-8202" VB #</Process><Process ToolSource="c:\program files (x86)\arcgis\desktop10.1\ArcToolbox\Toolboxes\Data Management Tools.tbx\CalculateField" Date="20121107" Time="123512">CalculateField Riparian_Restoration Name "N. and S. Scappoose Creek Confluence Restoration" VB #</Process><Process ToolSource="c:\program files (x86)\arcgis\desktop10.1\ArcToolbox\Toolboxes\Data Management Tools.tbx\CalculateField" Date="20121107" Time="123525">CalculateField Riparian_Restoration Activity "Riparian Restoration" VB #</Process><Process ToolSource="c:\program files (x86)\arcgis\desktop10.1\ArcToolbox\Toolboxes\Data Management Tools.tbx\CalculateField" Date="20121107" Time="123612">CalculateField Riparian_Restoration Treatment "Floodplain Plantings and Exotic Plant Removal on 4.25 acres" VB #</Process><Process ToolSource="c:\program files (x86)\arcgis\desktop10.1\ArcToolbox\Toolboxes\Data Management Tools.tbx\Project" Date="20121107" Time="124120">Project C:\Users\bbennett\Desktop\GIS\Scappoose_Bay.gdb\Scappoose_Conf\N_S_ScappooseConfl_Riparian C:\Users\bbennett\Desktop\GIS\SBWC\N_S_ScappooseConfl_Riparian.shp PROJCS['NAD_1983_Oregon_Statewide_Lambert_Feet_Intl',GEOGCS['GCS_North_American_1983',DATUM['D_North_American_1983',SPHEROID['GRS_1980',6378137.0,298.257222101]],PRIMEM['Greenwich',0.0],UNIT['Degree',0.0174532925199433]],PROJECTION['Lambert_Conformal_Conic'],PARAMETER['False_Easting',1312335.958005249],PARAMETER['False_Northing',0.0],PARAMETER['Central_Meridian',-120.5],PARAMETER['Standard_Parallel_1',43.0],PARAMETER['Standard_Parallel_2',45.5],PARAMETER['Latitude_Of_Origin',41.75],UNIT['Foot',0.3048]] # PROJCS['NAD_1983_StatePlane_Oregon_North_FIPS_3601_Feet_Intl',GEOGCS['GCS_North_American_1983',DATUM['D_North_American_1983',SPHEROID['GRS_1980',6378137.0,298.257222101]],PRIMEM['Greenwich',0.0],UNIT['Degree',0.0174532925199433]],PROJECTION['Lambert_Conformal_Conic'],PARAMETER['False_Easting',8202099.737532808],PARAMETER['False_Northing',0.0],PARAMETER['Central_Meridian',-120.5],PARAMETER['Standard_Parallel_1',44.33333333333334],PARAMETER['Standard_Parallel_2',46.0],PARAMETER['Latitude_Of_Origin',43.66666666666666],UNIT['Foot',0.3048]]</Process></lineage><itemProps><itemLocation><linkage Sync="TRUE">file://\\924YWP1\C$\Users\bbennett\Desktop\GIS\Scappoose_Bay.gdb</linkage><protocol Sync="TRUE">Local Area Network</protocol></itemLocation></itemProps></DataProperties></Esri></metadata>
