<?xml version="1.0" encoding="UTF-8"?>
<metadata xml:lang="en"><Esri><CreaDate>20130415</CreaDate><CreaTime>01334400</CreaTime><ArcGISFormat>1.0</ArcGISFormat><SyncOnce>TRUE</SyncOnce><DataProperties><itemProps><itemLocation><linkage Sync="TRUE">file://\\Server-tesla\DARWIN\Workspaces\Personal\beth\Joel Bravo GIS\Offstream Water System Storage TankCopy</linkage><protocol Sync="TRUE">Local Area Network</protocol></itemLocation></itemProps><copyHistory><copy source="V:\Workspaces\Personal\beth\Joel Bravo GIS\Offstream Water System Storage Tank" dest="\\Server-tesla\DARWIN\Workspaces\Personal\beth\Joel Bravo GIS\Offstream Water System Storage TankCopy" date="20130415" time="01334400"></copy></copyHistory></DataProperties></Esri></metadata>
