<?xml version="1.0"?>
<!--<!DOCTYPE metadata SYSTEM "http://www.esri.com/metadata/esriprof80.dtd">-->
<metadata xml:lang="en"><Esri><CreaDate>20090511</CreaDate><CreaTime>14591700</CreaTime><SyncOnce>TRUE</SyncOnce><MetaID>{A6C74E50-4C54-4A96-BF71-AD8491343EC5}</MetaID></Esri><idinfo><citation><citeinfo><onlink Sync="TRUE">\\PCDEB65RM81\E\My Documents\WorkSpace\devin\olc\planting</onlink></citeinfo></citation></idinfo><distInfo><distributor><distorTran><onLineSrc><linkage Sync="TRUE">file://\\PCDEB65RM81\E\My Documents\WorkSpace\devin\olc\planting</linkage><protocol Sync="TRUE">Local Area Network</protocol></onLineSrc></distorTran></distributor></distInfo><dataqual><lineage><procstep><procdesc Sync="TRUE">Dataset copied.</procdesc><srcused Sync="TRUE">E:\My Documents\WorkSpace\devin\olc\Buildings</srcused><date Sync="TRUE">20090511</date><time Sync="TRUE">14591700</time></procstep><procstep><procdesc Sync="TRUE">Dataset moved.</procdesc><srcused Sync="TRUE">E:\My Documents\WorkSpace\devin\olc\crook\planting</srcused><date Sync="TRUE">20090511</date><time Sync="TRUE">14593500</time></procstep></lineage></dataqual></metadata>
