<?xml version="1.0"?>
<!--<!DOCTYPE metadata SYSTEM "http://www.esri.com/metadata/esriprof80.dtd">-->
<metadata xml:lang="en"><Esri><MetaID>{F74B3D3A-2D07-43FE-91AD-1103D2400083}</MetaID><CreaDate>20091207</CreaDate><CreaTime>08094300</CreaTime><SyncOnce>TRUE</SyncOnce></Esri><idinfo><citation><citeinfo><onlink Sync="TRUE">\\SASHATWELKER-PC\C$\GIS_Data\VanghnSmallGrant\VanghnGrassSeed</onlink></citeinfo></citation></idinfo><distInfo><distributor><distorTran><onLineSrc><linkage Sync="TRUE">file://\\SASHATWELKER-PC\C$\GIS_Data\VanghnSmallGrant\VanghnGrassSeed</linkage><protocol Sync="TRUE">Local Area Network</protocol></onLineSrc></distorTran></distributor></distInfo><dataqual><lineage><procstep><procdesc Sync="TRUE">Dataset moved.</procdesc><srcused Sync="TRUE">C:\GIS_Data\VanghnGrassSeed</srcused><procdate Sync="TRUE">20091207</procdate><proctime Sync="TRUE">08094500</proctime></procstep></lineage></dataqual></metadata>
